Linux 6.8.0-142-generic (cafeai-bench-server) 	10/01/26 	_x86_64_	(4 CPU)

19:19:10     CPU    %usr   %nice    %sys %iowait    %irq   %soft  %steal  %guest  %gnice   %idle
19:19:11     all    9.70    0.00    1.99    0.00    0.00    0.50    0.00    0.00    0.00   87.81
19:19:12     all   74.75    0.00   15.15    0.00    0.00    6.82    0.00    0.00    0.00    3.28
19:19:13     all   58.99    0.00   12.64    0.00    0.00    7.30    0.00    0.00    0.00   21.07
19:19:14     all   58.09    0.00   11.67    0.00    0.00    6.63    0.53    0.00    0.00   23.08
19:19:15     all   40.50    0.00   10.61    0.00    0.00    7.54    0.00    0.00    0.00   41.34
19:19:16     all   41.62    0.00   11.35    0.00    0.00    8.38    0.00    0.00    0.00   38.65
19:19:17     all   38.68    0.00   11.17    0.00    0.00    8.02    0.00    0.00    0.00   42.12
19:19:18     all   39.19    0.00   10.66    0.00    0.00    8.07    0.00    0.00    0.00   42.07
19:19:19     all   43.24    0.00   10.88    0.00    0.00    7.16    0.27    0.00    0.00   38.46
19:19:20     all   42.93    0.00   11.31    0.00    0.00    7.71    0.26    0.00    0.00   37.79
19:19:21     all   43.27    0.00   11.35    0.00    0.00    6.86    0.00    0.00    0.00   38.52
19:19:22     all   40.81    0.00   11.89    0.00    0.00    8.11    0.00    0.00    0.00   39.19
19:19:23     all   41.71    0.00   11.66    0.00    0.00    8.03    0.00    0.00    0.00   38.60
19:19:24     all   40.55    0.00   11.51    0.00    0.00    7.40    0.00    0.00    0.00   40.55
19:19:25     all   42.23    0.00   11.72    0.00    0.00    7.08    0.27    0.00    0.00   38.69
19:19:26     all   42.29    0.00   13.30    0.00    0.00    6.38    0.27    0.00    0.00   37.77
19:19:27     all   41.44    0.00   10.77    0.28    0.00    7.46    0.00    0.00    0.00   40.06
19:19:28     all   39.00    0.00   11.42    0.00    0.00    7.80    0.28    0.00    0.00   41.50
19:19:29     all   41.41    0.00   13.28    0.00    0.00    6.77    0.00    0.00    0.00   38.54
19:19:30     all   40.81    0.00   11.89    0.00    0.00    7.84    0.00    0.00    0.00   39.46
19:19:31     all   43.78    0.00   11.94    0.00    0.00    7.71    0.25    0.00    0.00   36.32
19:19:32     all   44.00    0.00   11.25    0.00    0.00    7.25    0.00    0.00    0.00   37.50
19:19:33     all   43.54    0.00   11.65    0.00    0.00    7.59    0.51    0.00    0.00   36.71
19:19:34     all   40.60    0.00   11.72    0.00    0.00    8.17    0.00    0.00    0.00   39.51
19:19:35     all   39.30    0.00   11.92    0.00    0.00    8.67    0.27    0.00    0.00   39.84
19:19:36     all   40.73    0.00   12.27    0.00    0.00    8.36    0.00    0.00    0.00   38.64
19:19:37     all   39.84    0.00   11.54    0.00    0.00    8.52    0.00    0.00    0.00   40.11
19:19:38     all   39.51    0.00   12.26    0.00    0.00    7.90    0.00    0.00    0.00   40.33
19:19:39     all   41.25    0.00   12.01    0.00    0.00    8.36    0.00    0.00    0.00   38.38
19:19:40     all   42.89    0.00   11.89    0.00    0.00    7.24    0.26    0.00    0.00   37.73
19:19:41     all   37.98    0.00   11.11    0.26    0.00    6.46    0.00    0.00    0.00   44.19
19:19:42     all    4.75    0.00    1.50    0.00    0.00    0.75    0.00    0.00    0.00   93.00
19:19:43     all   31.81    0.00    7.38    0.00    0.00    3.82    0.51    0.00    0.00   56.49
19:19:44     all   23.91    0.00    6.43    0.00    0.00    2.57    0.00    0.00    0.00   67.10
19:19:45     all   23.93    0.00    8.31    0.00    0.00    3.53    0.00    0.00    0.00   64.23
19:19:46     all   23.91    0.00    8.23    0.00    0.00    2.83    0.00    0.00    0.00   65.04
19:19:47     all   24.30    0.00    7.34    0.00    0.00    3.80    0.00    0.00    0.00   64.56
19:19:48     all   25.38    0.00    8.63    0.00    0.00    3.30    0.00    0.00    0.00   62.69
19:19:49     all   20.61    0.00    7.12    0.00    0.00    3.56    0.00    0.00    0.00   68.70
19:19:50     all   20.36    0.00    7.38    0.00    0.00    3.05    0.25    0.00    0.00   68.96
19:19:51     all   20.10    0.00    7.38    0.00    0.00    3.31    0.00    0.00    0.00   69.21
19:19:52     all   19.18    0.00    7.67    0.00    0.00    3.58    0.00    0.00    0.00   69.57
19:19:53     all   20.51    0.00    7.09    0.00    0.00    3.80    0.00    0.00    0.00   68.61
19:19:54     all   19.85    0.00    8.91    0.25    0.00    3.31    0.00    0.00    0.00   67.68
19:19:55     all   20.56    0.00    7.87    0.00    0.00    3.55    0.00    0.00    0.00   68.02
19:19:56     all   19.14    0.00    8.56    0.00    0.00    3.53    0.00    0.00    0.00   68.77
19:19:57     all   19.64    0.00    6.63    0.00    0.00    2.81    0.00    0.00    0.00   70.92
19:19:58     all   19.04    0.00    7.61    0.00    0.00    2.79    0.00    0.00    0.00   70.56
19:19:59     all   18.78    0.00    6.85    0.00    0.00    3.81    0.25    0.00    0.00   70.30
19:20:00     all   18.78    0.00    8.12    0.00    0.00    3.05    0.00    0.00    0.00   70.05
19:20:01     all   19.40    0.00    7.81    0.00    0.00    3.27    0.00    0.00    0.00   69.52
19:20:02     all   18.78    0.00    7.36    0.00    0.00    3.55    0.25    0.00    0.00   70.05
19:20:03     all   19.95    0.00    7.07    0.00    0.00    3.03    0.00    0.00    0.00   69.95
19:20:04     all   19.60    0.00    7.79    0.00    0.00    3.27    0.00    0.00    0.00   69.35
19:20:05     all   19.54    0.00    7.11    0.00    0.00    3.55    0.25    0.00    0.00   69.54
19:20:06     all   19.70    0.00    7.58    0.00    0.00    3.54    0.00    0.00    0.00   69.19
19:20:07     all   20.77    0.00    6.67    0.00    0.00    2.56    0.00    0.00    0.00   70.00
19:20:08     all   20.61    0.00    6.87    0.00    0.00    3.05    0.51    0.00    0.00   68.96
19:20:09     all   19.14    0.00    8.06    0.00    0.00    3.02    0.00    0.00    0.00   69.77
19:20:10     all   20.15    0.00    6.63    0.00    0.00    3.32    0.00    0.00    0.00   69.90
19:20:11     all   20.46    0.00    7.16    0.00    0.00    3.32    0.00    0.00    0.00   69.05
19:20:12     all   32.28    0.00    8.99    0.00    0.00    5.03    0.26    0.00    0.00   53.44
19:20:13     all   44.35    0.00   13.17    0.00    0.00    5.91    0.00    0.00    0.00   36.56
19:20:14     all   49.87    0.00   12.40    0.00    0.00    4.85    0.00    0.00    0.00   32.88
19:20:15     all   45.03    0.00   11.78    0.00    0.00    5.50    0.52    0.00    0.00   37.17
19:20:16     all   43.72    0.00   13.09    0.00    0.00    6.02    0.00    0.00    0.00   37.17
19:20:17     all   43.92    0.00   12.17    0.00    0.00    5.29    0.26    0.00    0.00   38.36
19:20:18     all   43.24    0.00   13.24    0.00    0.00    5.68    0.00    0.00    0.00   37.84
19:20:19     all   44.39    0.00   12.57    0.00    0.00    4.81    0.00    0.00    0.00   38.24
19:20:20     all   44.27    0.00   11.73    0.00    0.00    5.33    0.27    0.00    0.00   38.40
19:20:21     all   43.57    0.00   13.39    0.00    0.00    5.51    0.00    0.00    0.00   37.53
19:20:22     all   42.82    0.00   12.23    0.00    0.00    6.12    0.00    0.00    0.00   38.83
19:20:23     all   44.00    0.00   11.73    0.00    0.00    5.33    0.00    0.00    0.00   38.93
19:20:24     all   45.08    0.00   11.92    0.00    0.00    6.22    0.00    0.00    0.00   36.79
19:20:25     all   43.78    0.00   13.21    0.00    0.00    5.70    0.26    0.00    0.00   37.05
19:20:26     all   44.06    0.00   11.35    0.00    0.00    5.54    0.26    0.00    0.00   38.79
19:20:27     all   44.36    0.00   12.60    0.00    0.00    5.77    0.00    0.00    0.00   37.27
19:20:28     all   43.77    0.00   12.20    0.00    0.00    5.84    0.00    0.00    0.00   38.20
19:20:29     all   44.33    0.00   11.87    0.00    0.00    5.80    0.00    0.00    0.00   37.99
19:20:30     all   43.57    0.00   12.86    0.00    0.00    5.51    0.26    0.00    0.00   37.80
19:20:31     all   43.47    0.00   12.80    0.00    0.00    5.60    0.00    0.00    0.00   38.13
19:20:32     all   43.92    0.00   11.64    0.00    0.00    5.82    0.26    0.00    0.00   38.36
19:20:33     all   44.56    0.00   11.94    0.00    0.00    5.31    0.00    0.00    0.00   38.20
19:20:34     all   43.42    0.00   12.63    0.00    0.00    6.05    0.00    0.00    0.00   37.89
19:20:35     all   44.06    0.00   11.87    0.00    0.00    5.80    0.00    0.00    0.00   38.26
19:20:36     all   43.50    0.00   12.47    0.00    0.00    5.31    0.00    0.00    0.00   38.73
19:20:37     all   43.09    0.00   13.30    0.00    0.00    5.05    0.00    0.00    0.00   38.56
19:20:38     all   44.79    0.00   11.72    0.00    0.00    5.21    0.26    0.00    0.00   38.02
19:20:39     all   43.67    0.00   12.66    0.00    0.00    5.94    0.26    0.00    0.00   37.47
19:20:40     all   45.08    0.00   11.66    0.00    0.00    5.70    0.26    0.00    0.00   37.31
19:20:41     all   41.96    0.00   11.72    0.00    0.00    5.72    0.00    0.00    0.00   40.60
19:20:42     all   56.28    0.00   15.45    0.00    0.00    6.02    0.00    0.00    0.00   22.25
19:20:43     all   70.82    0.00   18.95    0.00    0.00    9.73    0.00    0.00    0.00    0.50
19:20:44     all   73.12    0.00   17.09    0.00    0.00    9.80    0.00    0.00    0.00    0.00
19:20:45     all   72.07    0.00   18.70    0.00    0.00    9.23    0.00    0.00    0.00    0.00
19:20:46     all   70.25    0.00   19.25    0.00    0.00   10.50    0.00    0.00    0.00    0.00
19:20:47     all   70.75    0.00   19.25    0.00    0.00   10.00    0.00    0.00    0.00    0.00
19:20:48     all   72.18    0.00   18.05    0.00    0.00    9.77    0.00    0.00    0.00    0.00
19:20:49     all   73.00    0.00   17.00    0.00    0.00   10.00    0.00    0.00    0.00    0.00
19:20:50     all   71.14    0.00   18.41    0.00    0.00   10.45    0.00    0.00    0.00    0.00
19:20:51     all   73.68    0.00   17.54    0.00    0.00    8.77    0.00    0.00    0.00    0.00
19:20:52     all   70.57    0.00   19.45    0.00    0.00    9.73    0.25    0.00    0.00    0.00
19:20:53     all   73.37    0.00   17.09    0.00    0.00    9.55    0.00    0.00    0.00    0.00
19:20:54     all   70.79    0.00   19.55    0.00    0.00    9.65    0.00    0.00    0.00    0.00
19:20:55     all   72.25    0.00   18.00    0.00    0.00    9.75    0.00    0.00    0.00    0.00
19:20:56     all   72.07    0.00   17.71    0.00    0.00    9.48    0.25    0.00    0.00    0.50
19:20:57     all   71.22    0.00   18.86    0.00    0.00    9.68    0.25    0.00    0.00    0.00
19:20:58     all   71.75    0.00   18.25    0.00    0.00   10.00    0.00    0.00    0.00    0.00
19:20:59     all   72.75    0.00   18.25    0.00    0.00    8.75    0.25    0.00    0.00    0.00
19:21:00     all   71.75    0.00   18.50    0.00    0.00    9.75    0.00    0.00    0.00    0.00
19:21:01     all   71.93    0.00   17.54    0.00    0.00   10.53    0.00    0.00    0.00    0.00
19:21:02     all   71.57    0.00   18.45    0.00    0.00    9.98    0.00    0.00    0.00    0.00
19:21:03     all   71.61    0.00   18.09    0.00    0.00   10.30    0.00    0.00    0.00    0.00
19:21:04     all   72.07    0.00   18.45    0.00    0.00    9.48    0.00    0.00    0.00    0.00
19:21:05     all   71.68    0.00   19.05    0.00    0.00    9.27    0.00    0.00    0.00    0.00
19:21:06     all   72.82    0.00   17.71    0.00    0.00    9.48    0.00    0.00    0.00    0.00
19:21:07     all   72.07    0.00   18.45    0.00    0.00    9.48    0.00    0.00    0.00    0.00
19:21:08     all   72.11    0.00   17.84    0.00    0.00   10.05    0.00    0.00    0.00    0.00
19:21:09     all   72.25    0.00   17.50    0.00    0.00   10.25    0.00    0.00    0.00    0.00
19:21:10     all   71.57    0.00   18.20    0.00    0.00   10.22    0.00    0.00    0.00    0.00
19:21:11     all   72.29    0.00   18.39    0.00    0.00    9.32    0.00    0.00    0.00    0.00
19:21:12     all   63.32    0.00   16.83    0.00    0.00    7.79    0.00    0.00    0.00   12.06
19:21:13     all   71.68    0.00   18.55    0.00    0.00    9.77    0.00    0.00    0.00    0.00
19:21:14     all   72.25    0.00   17.75    0.00    0.00   10.00    0.00    0.00    0.00    0.00
19:21:15     all   71.75    0.00   17.25    0.00    0.00   11.00    0.00    0.00    0.00    0.00
19:21:16     all   71.82    0.00   18.20    0.00    0.00    9.98    0.00    0.00    0.00    0.00
19:21:17     all   71.11    0.00   18.84    0.00    0.00   10.05    0.00    0.00    0.00    0.00
19:21:18     all   72.52    0.00   17.08    0.00    0.00   10.15    0.25    0.00    0.00    0.00
19:21:19     all   71.25    0.00   18.75    0.00    0.00    9.75    0.25    0.00    0.00    0.00
19:21:20     all   72.86    0.00   18.09    0.00    0.00    9.05    0.00    0.00    0.00    0.00
19:21:21     all   71.00    0.00   18.75    0.00    0.00   10.00    0.25    0.00    0.00    0.00
19:21:22     all   71.57    0.00   18.70    0.00    0.00    9.73    0.00    0.00    0.00    0.00
19:21:23     all   72.32    0.00   17.46    0.00    0.00   10.22    0.00    0.00    0.00    0.00
19:21:24     all   72.07    0.00   17.71    0.00    0.00   10.22    0.00    0.00    0.00    0.00
19:21:25     all   72.25    0.00   18.25    0.00    0.00    9.50    0.00    0.00    0.00    0.00
19:21:26     all   72.86    0.00   17.09    0.00    0.00   10.05    0.00    0.00    0.00    0.00
19:21:27     all   71.46    0.00   19.35    0.00    0.00    8.93    0.25    0.00    0.00    0.00
19:21:28     all   72.07    0.00   18.45    0.00    0.00    9.48    0.00    0.00    0.00    0.00
19:21:29     all   72.50    0.00   18.00    0.00    0.00    9.50    0.00    0.00    0.00    0.00
19:21:30     all   72.25    0.00   18.50    0.00    0.00    9.25    0.00    0.00    0.00    0.00
19:21:31     all   70.68    0.00   18.80    0.00    0.00   10.53    0.00    0.00    0.00    0.00
19:21:32     all   71.82    0.00   18.45    0.00    0.00    9.73    0.00    0.00    0.00    0.00
19:21:33     all   72.07    0.00   18.45    0.00    0.00    9.48    0.00    0.00    0.00    0.00
19:21:34     all   71.11    0.00   19.10    0.00    0.00    9.80    0.00    0.00    0.00    0.00
19:21:35     all   72.57    0.00   18.20    0.00    0.00    9.23    0.00    0.00    0.00    0.00
19:21:36     all   70.93    0.00   19.30    0.00    0.00    9.77    0.00    0.00    0.00    0.00
19:21:37     all   72.50    0.00   17.25    0.00    0.00   10.25    0.00    0.00    0.00    0.00
19:21:38     all   73.68    0.00   16.54    0.00    0.00    9.77    0.00    0.00    0.00    0.00
19:21:39     all   72.70    0.00   18.11    0.00    0.00    9.18    0.00    0.00    0.00    0.00
19:21:40     all   71.25    0.00   19.00    0.00    0.00    9.50    0.25    0.00    0.00    0.00
19:21:41     all   72.75    0.00   17.25    0.00    0.00    9.75    0.25    0.00    0.00    0.00
19:21:42     all   63.75    0.00   17.50    0.00    0.00    9.00    0.00    0.00    0.00    9.75
19:21:43     all   72.50    0.00   18.75    0.00    0.00    8.75    0.00    0.00    0.00    0.00
19:21:44     all   72.11    0.00   18.09    0.00    0.00    9.80    0.00    0.00    0.00    0.00
19:21:45     all   71.89    0.00   18.16    0.00    0.00    9.95    0.00    0.00    0.00    0.00
19:21:46     all   71.50    0.00   18.50    0.00    0.00   10.00    0.00    0.00    0.00    0.00
19:21:47     all   71.00    0.00   18.25    0.00    0.00   10.50    0.25    0.00    0.00    0.00
19:21:48     all   73.00    0.00   17.25    0.00    0.00    9.75    0.00    0.00    0.00    0.00
19:21:49     all   70.40    0.00   19.65    0.00    0.00    9.95    0.00    0.00    0.00    0.00
19:21:50     all   71.61    0.00   18.34    0.00    0.00   10.05    0.00    0.00    0.00    0.00
19:21:51     all   71.25    0.00   19.25    0.00    0.00    9.50    0.00    0.00    0.00    0.00
19:21:52     all   71.39    0.00   18.66    0.00    0.00    9.95    0.00    0.00    0.00    0.00
19:21:53     all   71.86    0.00   18.59    0.00    0.00    9.55    0.00    0.00    0.00    0.00
19:21:54     all   71.46    0.00   18.86    0.00    0.00    9.68    0.00    0.00    0.00    0.00
19:21:55     all   71.50    0.00   18.75    0.00    0.00    9.75    0.00    0.00    0.00    0.00
19:21:56     all   73.00    0.00   17.50    0.00    0.00    9.50    0.00    0.00    0.00    0.00
19:21:57     all   71.86    0.00   18.59    0.00    0.00    9.55    0.00    0.00    0.00    0.00
19:21:58     all   71.75    0.00   18.25    0.00    0.00   10.00    0.00    0.00    0.00    0.00
19:21:59     all   71.39    0.00   19.15    0.00    0.00    9.45    0.00    0.00    0.00    0.00
19:22:00     all   72.07    0.00   18.45    0.00    0.00    9.48    0.00    0.00    0.00    0.00
19:22:01     all   70.82    0.00   18.70    0.00    0.00   10.22    0.25    0.00    0.00    0.00
19:22:02     all   71.07    0.00   19.45    0.00    0.00    9.48    0.00    0.00    0.00    0.00
19:22:03     all   71.43    0.00   18.30    0.00    0.00   10.28    0.00    0.00    0.00    0.00
19:22:04     all   72.00    0.00   19.25    0.00    0.00    8.75    0.00    0.00    0.00    0.00
19:22:05     all   71.68    0.00   18.55    0.00    0.00    9.52    0.25    0.00    0.00    0.00
19:22:06     all   71.32    0.00   18.70    0.00    0.00    9.98    0.00    0.00    0.00    0.00
19:22:07     all   72.00    0.00   18.00    0.00    0.00   10.00    0.00    0.00    0.00    0.00
19:22:08     all   72.00    0.00   18.25    0.00    0.00    9.75    0.00    0.00    0.00    0.00
19:22:09     all   71.82    0.00   18.95    0.00    0.00    9.23    0.00    0.00    0.00    0.00
19:22:10     all   72.36    0.00   18.59    0.00    0.00    9.05    0.00    0.00    0.00    0.00
19:22:11     all   72.14    0.00   17.66    0.00    0.00   10.20    0.00    0.00    0.00    0.00
19:22:12     all   66.67    0.00   15.54    0.00    0.00    8.27    0.25    0.00    0.00    9.27
19:22:13     all   71.93    0.00   18.80    0.00    0.00    9.27    0.00    0.00    0.00    0.00
19:22:14     all   71.68    0.00   18.30    0.00    0.00   10.03    0.00    0.00    0.00    0.00
19:22:15     all   71.57    0.00   18.20    0.00    0.00   10.22    0.00    0.00    0.00    0.00
19:22:16     all   71.07    0.00   18.20    0.00    0.00   10.72    0.00    0.00    0.00    0.00
19:22:17     all   72.25    0.00   17.50    0.00    0.00   10.25    0.00    0.00    0.00    0.00
19:22:18     all   71.68    0.00   18.05    0.00    0.00   10.28    0.00    0.00    0.00    0.00
19:22:19     all   71.32    0.00   18.95    0.00    0.00    9.73    0.00    0.00    0.00    0.00
19:22:20     all   71.68    0.00   18.05    0.00    0.00   10.28    0.00    0.00    0.00    0.00
19:22:21     all   73.32    0.00   16.71    0.00    0.00    9.73    0.25    0.00    0.00    0.00
19:22:22     all   70.18    0.00   16.79    0.00    0.00    9.77    0.00    0.00    0.00    3.26
19:22:23     all   59.85    0.00   14.71    0.00    0.00    8.23    0.00    0.00    0.00   17.21
19:22:24     all   71.07    0.00   18.95    0.00    0.00    9.98    0.00    0.00    0.00    0.00
19:22:25     all   72.04    0.00   18.64    0.00    0.00    9.32    0.00    0.00    0.00    0.00
19:22:26     all   72.70    0.00   17.62    0.00    0.00    9.68    0.00    0.00    0.00    0.00
19:22:27     all   73.18    0.00   17.04    0.00    0.00    9.77    0.00    0.00    0.00    0.00
19:22:28     all   71.46    0.00   19.11    0.00    0.00    9.43    0.00    0.00    0.00    0.00
19:22:29     all   72.54    0.00   17.88    0.00    0.00    9.07    0.25    0.00    0.00    0.25
19:22:30     all   71.57    0.00   18.95    0.00    0.00    9.48    0.00    0.00    0.00    0.00
19:22:31     all   71.82    0.00   18.45    0.00    0.00    9.73    0.00    0.00    0.00    0.00
19:22:32     all   70.35    0.00   19.85    0.00    0.00    9.80    0.00    0.00    0.00    0.00
19:22:33     all   72.64    0.00   18.16    0.00    0.00    9.20    0.00    0.00    0.00    0.00
19:22:34     all   73.30    0.00   17.13    0.00    0.00    9.57    0.00    0.00    0.00    0.00
19:22:35     all   71.22    0.00   18.11    0.00    0.00   10.42    0.25    0.00    0.00    0.00
19:22:36     all   71.64    0.00   19.15    0.00    0.00    9.20    0.00    0.00    0.00    0.00
19:22:37     all   72.00    0.00   18.00    0.00    0.00   10.00    0.00    0.00    0.00    0.00
19:22:38     all   72.00    0.00   18.00    0.00    0.00    9.75    0.25    0.00    0.00    0.00
19:22:39     all   71.50    0.00   19.00    0.00    0.00    9.50    0.00    0.00    0.00    0.00
19:22:40     all   72.50    0.00   18.75    0.00    0.00    8.75    0.00    0.00    0.00    0.00
19:22:41     all   72.07    0.00   18.45    0.00    0.00    9.48    0.00    0.00    0.00    0.00
19:22:42     all   68.00    0.00   16.25    0.00    0.00    8.75    0.00    0.00    0.00    7.00
19:22:43     all   72.18    0.00   18.30    0.00    0.00    9.52    0.00    0.00    0.00    0.00
19:22:44     all   72.18    0.00   18.05    0.00    0.00    9.77    0.00    0.00    0.00    0.00
19:22:45     all   73.75    0.00   17.25    0.00    0.00    9.00    0.00    0.00    0.00    0.00
19:22:46     all   72.46    0.00   18.11    0.00    0.00    9.43    0.00    0.00    0.00    0.00
19:22:47     all   72.00    0.00   18.50    0.00    0.00    9.50    0.00    0.00    0.00    0.00
19:22:48     all   72.14    0.00   17.66    0.00    0.00    9.95    0.25    0.00    0.00    0.00
19:22:49     all   73.00    0.00   17.50    0.00    0.00    9.25    0.25    0.00    0.00    0.00
19:22:50     all   73.32    0.00   17.21    0.00    0.00    9.48    0.00    0.00    0.00    0.00
19:22:51     all   73.55    0.00   17.38    0.00    0.00    9.07    0.00    0.00    0.00    0.00
19:22:52     all   72.39    0.00   18.16    0.00    0.00    9.45    0.00    0.00    0.00    0.00
19:22:53     all   71.50    0.00   18.00    0.00    0.00   10.50    0.00    0.00    0.00    0.00
19:22:54     all   72.43    0.00   18.30    0.00    0.00    9.27    0.00    0.00    0.00    0.00
19:22:55     all   72.11    0.00   17.84    0.00    0.00   10.05    0.00    0.00    0.00    0.00
19:22:56     all   72.89    0.00   17.16    0.00    0.00    9.95    0.00    0.00    0.00    0.00
19:22:57     all   71.14    0.00   18.41    0.00    0.00   10.45    0.00    0.00    0.00    0.00
19:22:58     all   72.29    0.00   18.14    0.00    0.00    9.57    0.00    0.00    0.00    0.00
19:22:59     all   71.39    0.00   17.91    0.00    0.00   10.45    0.25    0.00    0.00    0.00
19:23:00     all   73.00    0.00   18.00    0.00    0.00    9.00    0.00    0.00    0.00    0.00
19:23:01     all   72.00    0.00   18.50    0.00    0.00    9.50    0.00    0.00    0.00    0.00
19:23:02     all   71.68    0.00   18.30    0.00    0.00   10.03    0.00    0.00    0.00    0.00
19:23:03     all   71.25    0.00   19.25    0.00    0.00    9.50    0.00    0.00    0.00    0.00
19:23:04     all   71.50    0.00   18.25    0.00    0.00   10.25    0.00    0.00    0.00    0.00
19:23:05     all   71.07    0.00   18.70    0.00    0.00    9.98    0.25    0.00    0.00    0.00
19:23:06     all   72.25    0.00   18.50    0.00    0.00    9.25    0.00    0.00    0.00    0.00
19:23:07     all   71.25    0.00   18.50    0.00    0.00   10.25    0.00    0.00    0.00    0.00
19:23:08     all   72.43    0.00   17.54    0.00    0.00   10.03    0.00    0.00    0.00    0.00
19:23:09     all   72.64    0.00   18.16    0.00    0.00    9.20    0.00    0.00    0.00    0.00
19:23:10     all   70.82    0.00   18.70    0.00    0.00    9.98    0.50    0.00    0.00    0.00
19:23:11     all   72.93    0.00   17.79    0.00    0.00    9.27    0.00    0.00    0.00    0.00
19:23:12     all    9.77    0.00    3.01    0.00    0.00    1.00    0.00    0.00    0.00   86.22
19:23:13     all   18.58    0.00    5.60    0.00    0.00    4.33    0.00    0.00    0.00   71.50
19:23:14     all   18.73    0.00    5.32    0.00    0.00    4.05    0.00    0.00    0.00   71.90
19:23:15     all   19.69    0.00    7.67    0.00    0.00    2.56    0.00    0.00    0.00   70.08
19:23:16     all   19.23    0.00    7.69    0.00    0.00    3.33    0.00    0.00    0.00   69.74
19:23:17     all   20.51    0.00    7.34    0.00    0.00    3.29    0.00    0.00    0.00   68.86
19:23:18     all   20.05    0.00    8.23    0.00    0.00    2.57    0.00    0.00    0.00   69.15
19:23:19     all   19.29    0.00    7.36    0.00    0.00    3.30    0.25    0.00    0.00   69.80
19:23:20     all   19.34    0.00    7.89    0.00    0.00    3.31    0.00    0.00    0.00   69.47
19:23:21     all   20.36    0.00    6.87    0.00    0.00    2.80    0.00    0.00    0.00   69.97
19:23:22     all   19.43    0.00    6.74    0.00    0.00    2.85    0.00    0.00    0.00   70.98
19:23:23     all   19.54    0.00    7.87    0.00    0.00    3.30    0.00    0.00    0.00   69.29
19:23:24     all   19.75    0.00    7.85    0.00    0.00    3.04    0.25    0.00    0.00   69.11
19:23:25     all   19.95    0.00    7.42    0.00    0.00    2.81    0.00    0.00    0.00   69.82
19:23:26     all   20.15    0.00    7.14    0.00    0.00    3.32    0.00    0.00    0.00   69.39
19:23:27     all   20.46    0.00    8.44    0.00    0.00    3.32    0.00    0.00    0.00   67.77
19:23:28     all   20.10    0.00    7.89    0.25    0.00    2.80    0.00    0.00    0.00   68.96
19:23:29     all   19.13    0.00    8.93    0.00    0.00    3.32    0.00    0.00    0.00   68.62
19:23:30     all   20.51    0.00    7.44    0.00    0.00    3.33    0.00    0.00    0.00   68.72
19:23:31     all   20.36    0.00    7.89    0.00    0.00    3.05    0.00    0.00    0.00   68.70
19:23:32     all   18.67    0.00    8.18    0.00    0.00    2.81    0.00    0.00    0.00   70.33
19:23:33     all   20.41    0.00    6.89    0.00    0.00    2.81    0.00    0.00    0.00   69.90
19:23:34     all   19.04    0.00    7.87    0.00    0.00    2.79    0.76    0.00    0.00   69.54
19:23:35     all   20.72    0.00    6.65    0.00    0.00    3.32    0.00    0.00    0.00   69.31
19:23:36     all   19.90    0.00    7.30    0.00    0.00    3.02    0.00    0.00    0.00   69.77
19:23:37     all   19.85    0.00    7.22    0.00    0.00    2.84    0.00    0.00    0.00   70.10
19:23:38     all   18.62    0.00    7.91    0.00    0.00    3.06    0.00    0.00    0.00   70.41
19:23:39     all   19.54    0.00    7.97    0.00    0.00    2.31    0.00    0.00    0.00   70.18
19:23:40     all   20.46    0.00    6.91    0.00    0.00    3.07    0.00    0.00    0.00   69.57
19:23:41     all   19.70    0.00    7.32    0.00    0.00    3.28    0.00    0.00    0.00   69.70
19:23:42     all    5.04    0.00    2.27    0.00    0.00    0.50    0.00    0.00    0.00   92.19
19:23:43     all   23.77    0.00    6.72    0.00    0.00    4.65    0.00    0.00    0.00   64.86
19:23:44     all   39.89    0.00   10.24    0.00    0.00    6.74    0.27    0.00    0.00   42.86
19:23:45     all   42.27    0.00   14.09    0.00    0.00    5.80    0.00    0.00    0.00   37.85
19:23:46     all   41.53    0.00   16.39    0.00    0.00    5.19    0.00    0.00    0.00   36.89
19:23:47     all   42.97    0.00   14.59    0.00    0.00    4.86    0.54    0.00    0.00   37.03
19:23:48     all   42.78    0.00   14.99    0.00    0.00    4.36    0.00    0.00    0.00   37.87
19:23:49     all   40.92    0.00   15.45    0.00    0.00    4.88    0.00    0.00    0.00   38.75
19:23:50     all   41.64    0.00   13.97    0.00    0.00    4.66    0.00    0.00    0.00   39.73
19:23:51     all   40.93    0.00   14.56    0.00    0.00    4.95    0.27    0.00    0.00   39.29
19:23:52     all   41.92    0.00   14.52    0.00    0.00    4.38    0.00    0.00    0.00   39.18
19:23:53     all   41.96    0.00   14.99    0.00    0.00    4.90    0.00    0.00    0.00   38.15
19:23:54     all   42.02    0.00   13.73    0.00    0.00    4.48    0.00    0.00    0.00   39.78
19:23:55     all   42.58    0.00   14.29    0.00    0.00    4.40    0.27    0.00    0.00   38.46
19:23:56     all   41.26    0.00   15.57    0.00    0.00    4.37    0.00    0.00    0.00   38.80
19:23:57     all   41.10    0.00   15.07    0.00    0.00    4.66    0.00    0.00    0.00   39.18
19:23:58     all   41.83    0.00   14.68    0.00    0.00    4.43    0.28    0.00    0.00   38.78
19:23:59     all   41.35    0.00   14.86    0.00    0.00    4.59    0.00    0.00    0.00   39.19
19:24:00     all   41.27    0.00   15.79    0.00    0.00    4.43    0.00    0.00    0.00   38.50
19:24:01     all   41.92    0.00   15.62    0.00    0.00    4.38    0.00    0.00    0.00   38.08
19:24:02     all   43.48    0.00   14.13    0.00    0.00    4.35    0.27    0.00    0.00   37.77
19:24:03     all   42.27    0.00   14.36    0.00    0.00    4.14    0.00    0.00    0.00   39.23
19:24:04     all   42.82    0.00   14.92    0.00    0.00    5.25    0.00    0.00    0.00   37.02
19:24:05     all   40.81    0.00   14.32    0.00    0.00    4.86    1.08    0.00    0.00   38.92
19:24:06     all   41.60    0.00   14.88    0.00    0.00    4.13    0.00    0.00    0.00   39.39
19:24:07     all   40.88    0.00   16.02    0.00    0.00    4.97    0.00    0.00    0.00   38.12
19:24:08     all   41.27    0.00   14.96    0.00    0.00    4.43    0.00    0.00    0.00   39.34
19:24:09     all   42.11    0.00   14.40    0.00    0.00    4.43    0.00    0.00    0.00   39.06
19:24:10     all   41.92    0.00   13.97    0.00    0.00    5.21    0.00    0.00    0.00   38.90
19:24:11     all   42.08    0.00   14.48    0.00    0.00    4.37    0.27    0.00    0.00   38.80
19:24:12     all   11.86    0.00    3.87    0.00    0.00    1.55    0.00    0.00    0.00   82.73
19:24:13     all   21.88    0.00    6.36    0.00    0.00    3.82    0.00    0.00    0.00   67.94
19:24:14     all   41.76    0.00   10.99    0.00    0.00    6.04    0.00    0.00    0.00   41.21
19:24:15     all   61.23    0.00   17.91    0.00    0.00    7.22    0.00    0.00    0.00   13.64
19:24:16     all   67.76    0.00   22.42    0.00    0.00    9.32    0.00    0.00    0.00    0.50
19:24:17     all   68.00    0.00   21.50    0.00    0.00   10.00    0.25    0.00    0.00    0.25
19:24:18     all   66.58    0.00   23.44    0.00    0.00    9.98    0.00    0.00    0.00    0.00
19:24:19     all   67.84    0.00   21.86    0.00    0.00   10.30    0.00    0.00    0.00    0.00
19:24:20     all   65.75    0.00   24.00    0.00    0.00   10.25    0.00    0.00    0.00    0.00
19:24:21     all   67.41    0.00   22.64    0.00    0.00    9.95    0.00    0.00    0.00    0.00
19:24:22     all   66.75    0.00   22.00    0.00    0.00   10.50    0.25    0.00    0.00    0.50
19:24:23     all   67.25    0.00   22.75    0.00    0.00    9.75    0.25    0.00    0.00    0.00
19:24:24     all   66.42    0.00   23.56    0.00    0.00    9.77    0.00    0.00    0.00    0.25
19:24:25     all   66.67    0.00   22.39    0.00    0.00   10.45    0.00    0.00    0.00    0.50
19:24:26     all   64.34    0.00   24.44    0.00    0.00   10.97    0.00    0.00    0.00    0.25
19:24:27     all   67.51    0.00   20.91    0.00    0.00   11.59    0.00    0.00    0.00    0.00
19:24:28     all   67.33    0.00   22.19    0.00    0.00   10.22    0.00    0.00    0.00    0.25
19:24:29     all   66.00    0.00   22.00    0.00    0.00   11.50    0.00    0.00    0.00    0.50
19:24:30     all   65.83    0.00   22.36    0.00    0.00   11.56    0.00    0.00    0.00    0.25
19:24:31     all   65.25    0.00   22.25    0.00    0.00   12.50    0.00    0.00    0.00    0.00
19:24:32     all   64.50    0.00   24.25    0.00    0.00   11.25    0.00    0.00    0.00    0.00
19:24:33     all   64.84    0.00   22.69    0.00    0.00   11.97    0.00    0.00    0.00    0.50
19:24:34     all   64.66    0.00   23.06    0.00    0.00   12.28    0.00    0.00    0.00    0.00
19:24:35     all   64.41    0.00   23.31    0.00    0.00   12.28    0.00    0.00    0.00    0.00
19:24:36     all   67.84    0.00   20.35    0.00    0.00   11.81    0.00    0.00    0.00    0.00
19:24:37     all   65.76    0.00   22.83    0.00    0.00   11.17    0.00    0.00    0.00    0.25
19:24:38     all   67.17    0.00   21.55    0.00    0.00   11.28    0.00    0.00    0.00    0.00
19:24:39     all   64.93    0.00   22.89    0.00    0.00   11.69    0.25    0.00    0.00    0.25
19:24:40     all   64.43    0.00   22.39    0.00    0.00   13.18    0.00    0.00    0.00    0.00
19:24:41     all   65.84    0.00   21.45    0.00    0.00   12.47    0.00    0.00    0.00    0.25
19:24:42     all   26.63    0.00    8.54    0.00    0.00    5.03    0.00    0.00    0.00   59.80
19:24:43     all   17.31    0.00    5.68    0.00    0.00    4.13    0.00    0.00    0.00   72.87
19:24:44     all   39.94    0.00   11.29    0.00    0.00    5.79    0.28    0.00    0.00   42.70
19:24:45     all   57.62    0.00   17.73    0.00    0.00    7.48    0.00    0.00    0.00   17.17
19:24:46     all   66.07    0.00   21.94    0.00    0.00    8.93    0.26    0.00    0.00    2.81
19:24:47     all   66.92    0.00   22.14    0.00    0.00    9.95    0.25    0.00    0.00    0.75
19:24:48     all   67.25    0.00   22.50    0.00    0.00    9.75    0.00    0.00    0.00    0.50
19:24:49     all   65.41    0.00   23.81    0.00    0.00   10.78    0.00    0.00    0.00    0.00
19:24:50     all   66.25    0.00   22.50    0.00    0.00   11.25    0.00    0.00    0.00    0.00
19:24:51     all   64.59    0.00   23.19    0.00    0.00   11.97    0.00    0.00    0.00    0.25
19:24:52     all   65.25    0.00   21.50    0.00    0.00   13.25    0.00    0.00    0.00    0.00
19:24:53     all   64.74    0.00   22.17    0.00    0.00   13.10    0.00    0.00    0.00    0.00
19:24:54     all   66.83    0.00   20.95    0.00    0.00   12.22    0.00    0.00    0.00    0.00
19:24:55     all   64.25    0.00   22.50    0.00    0.00   13.00    0.00    0.00    0.00    0.25
19:24:56     all   66.58    0.00   20.35    0.00    0.00   13.07    0.00    0.00    0.00    0.00
19:24:57     all   65.09    0.00   21.20    0.00    0.00   13.47    0.00    0.00    0.00    0.25
19:24:58     all   65.09    0.00   20.95    0.00    0.00   13.72    0.25    0.00    0.00    0.00
19:24:59     all   64.59    0.00   21.45    0.00    0.00   13.72    0.00    0.00    0.00    0.25
19:25:00     all   65.58    0.00   20.10    0.00    0.00   14.32    0.00    0.00    0.00    0.00
19:25:01     all   65.16    0.00   19.55    0.00    0.00   15.29    0.00    0.00    0.00    0.00
19:25:02     all   63.43    0.00   20.65    0.00    0.00   15.67    0.00    0.00    0.00    0.25
19:25:03     all   64.32    0.00   21.61    0.00    0.00   14.07    0.00    0.00    0.00    0.00
19:25:04     all   63.66    0.00   20.55    0.00    0.00   15.54    0.00    0.00    0.00    0.25
19:25:05     all   64.52    0.00   19.85    0.00    0.00   15.14    0.00    0.00    0.00    0.50
19:25:06     all   64.50    0.00   19.75    0.00    0.00   15.75    0.00    0.00    0.00    0.00
19:25:07     all   65.75    0.00   20.25    0.00    0.00   14.00    0.00    0.00    0.00    0.00
19:25:08     all   64.91    0.00   19.55    0.00    0.00   15.54    0.00    0.00    0.00    0.00
19:25:09     all   66.50    0.00   17.75    0.00    0.00   15.50    0.00    0.00    0.00    0.25
19:25:10     all   64.84    0.00   16.96    0.00    0.00   17.96    0.25    0.00    0.00    0.00
19:25:11     all   65.25    0.00   16.75    0.00    0.00   17.75    0.25    0.00    0.00    0.00
19:25:12     all   61.90    0.00   18.80    0.00    0.00    9.77    0.25    0.00    0.00    9.27
19:25:13     all    0.75    0.00    0.25    0.00    0.00    0.00    0.00    0.00    0.00   99.00
19:25:14     all    0.00    0.00    1.00    0.00    0.00    0.00    0.00    0.00    0.00   99.00
19:25:15     all    0.25    0.00    0.25    0.00    0.00    0.00    0.00    0.00    0.00   99.50
19:25:16     all    0.50    0.00    1.00    0.00    0.00    0.00    0.00    0.00    0.00   98.50
19:25:17     all    0.50    0.00    0.50    0.00    0.00    0.00    0.00    0.00    0.00   99.00
19:25:18     all    0.50    0.00    1.00    0.00    0.00    0.25    0.00    0.00    0.00   98.25
19:25:19     all    0.00    0.00    0.75    0.25    0.00    0.00    0.00    0.00    0.00   99.00
19:25:20     all    0.25    0.00    0.50    0.00    0.00    0.00    0.00    0.00    0.00   99.25
19:25:21     all    0.25    0.00    0.50    0.00    0.00    0.00    0.00    0.00    0.00   99.25
19:25:22     all    0.25    0.00    1.00    0.00    0.00    0.00    0.00    0.00    0.00   98.76
19:25:23     all    0.50    0.00    0.25    0.00    0.00    0.00    0.00    0.00    0.00   99.25
19:25:24     all    0.25    0.00    0.75    0.00    0.00    0.00    0.00    0.00    0.00   99.00
19:25:25     all    0.25    0.00    1.01    0.00    0.00    0.00    0.00    0.00    0.00   98.74
19:25:26     all    0.75    0.00    0.50    0.00    0.00    0.00    0.00    0.00    0.00   98.75
19:25:27     all    0.25    0.00    1.00    0.00    0.00    0.00    0.00    0.00    0.00   98.75
19:25:28     all    0.25    0.00    0.75    0.00    0.00    0.00    0.00    0.00    0.00   99.00
19:25:29     all    0.25    0.00    0.50    0.00    0.00    0.00    0.00    0.00    0.00   99.25
19:25:30     all    0.50    0.00    0.75    0.00    0.00    0.00    0.00    0.00    0.00   98.76
19:25:31     all    0.25    0.00    0.50    0.00    0.00    0.00    0.00    0.00    0.00   99.25
19:25:32     all    0.00    0.00    0.25    0.00    0.00    0.00    0.00    0.00    0.00   99.75
19:25:33     all    0.50    0.00    0.99    0.00    0.00    0.00    0.00    0.00    0.00   98.51
19:25:34     all    0.00    0.00    0.50    0.00    0.00    0.00    0.00    0.00    0.00   99.50
19:25:35     all    0.50    0.00    0.75    0.00    0.00    0.00    0.00    0.00    0.00   98.75
19:25:36     all    0.00    0.00    0.75    0.00    0.00    0.00    0.00    0.00    0.00   99.25
19:25:37     all    0.75    0.00    0.50    0.00    0.00    0.00    0.00    0.00    0.00   98.76
19:25:38     all    0.00    0.00    0.50    0.00    0.00    0.00    0.00    0.00    0.00   99.50
19:25:39     all    0.25    0.00    0.75    0.00    0.00    0.00    0.00    0.00    0.00   99.00
19:25:40     all    0.25    0.00    0.00    0.00    0.00    0.00    0.00    0.00    0.00   99.75
19:25:41     all    0.00    0.00    0.50    0.00    0.00    0.00    0.00    0.00    0.00   99.50
19:25:42     all    0.25    0.00    0.75    0.00    0.00    0.00    0.00    0.00    0.00   98.99
19:25:43     all    0.50    0.00    0.50    0.00    0.00    0.00    0.00    0.00    0.00   99.00
19:25:44     all    0.00    0.00    0.75    0.00    0.00    0.00    0.00    0.00    0.00   99.25
19:25:45     all    0.25    0.00    0.50    0.00    0.00    0.00    0.00    0.00    0.00   99.25
19:25:46     all    0.25    0.00    1.00    0.00    0.00    0.00    0.00    0.00    0.00   98.75
19:25:47     all    0.00    0.00    0.50    0.00    0.00    0.00    0.00    0.00    0.00   99.50
19:25:48     all    0.50    0.00    0.75    0.00    0.00    0.00    0.00    0.00    0.00   98.75
19:25:49     all    0.25    0.00    0.25    0.00    0.00    0.00    0.00    0.00    0.00   99.50
19:25:50     all    0.00    0.00    0.75    0.00    0.00    0.00    0.00    0.00    0.00   99.25
19:25:51     all    0.50    0.00    0.50    0.00    0.00    0.00    0.00    0.00    0.00   99.00
19:25:52     all    0.00    0.00    1.00    0.00    0.00    0.00    0.00    0.00    0.00   99.00
19:25:53     all    0.50    0.00    0.25    0.00    0.00    0.00    0.00    0.00    0.00   99.25
19:25:54     all    0.00    0.00    0.50    0.00    0.00    0.00    0.00    0.00    0.00   99.50
19:25:55     all    1.24    0.00    1.49    0.00    0.00    0.00    0.00    0.00    0.00   97.27
19:25:56     all    0.25    0.00    0.25    0.00    0.00    0.00    0.00    0.00    0.00   99.50
19:25:57     all    0.75    0.00    0.50    0.00    0.00    0.00    0.00    0.00    0.00   98.75
19:25:58     all    0.00    0.00    0.75    0.00    0.00    0.00    0.00    0.00    0.00   99.25
19:25:59     all    0.25    0.00    1.00    0.00    0.00    0.00    0.00    0.00    0.00   98.76
19:26:00     all    0.00    0.00    0.50    0.00    0.00    0.00    0.00    0.00    0.00   99.50
19:26:01     all    0.25    0.00    1.00    0.00    0.00    0.00    0.00    0.00    0.00   98.76
19:26:02     all    0.00    0.00    0.50    0.00    0.00    0.00    0.00    0.00    0.00   99.50
19:26:03     all    0.50    0.00    0.50    0.00    0.00    0.00    0.00    0.00    0.00   99.00
19:26:04     all    0.25    0.00    0.50    0.00    0.00    0.00    0.00    0.00    0.00   99.25
19:26:05     all    0.00    0.00    0.50    0.00    0.00    0.00    0.00    0.00    0.00   99.50
19:26:06     all    0.75    0.00    1.00    0.00    0.00    0.00    0.00    0.00    0.00   98.26
19:26:07     all    0.00    0.00    0.50    0.00    0.00    0.00    0.00    0.00    0.00   99.50
19:26:08     all    0.25    0.00    1.00    0.00    0.00    0.00    0.00    0.00    0.00   98.75
19:26:09     all    0.25    0.00    0.50    0.00    0.00    0.00    0.00    0.00    0.00   99.25
19:26:10     all    0.25    0.00    0.25    0.00    0.00    0.00    0.00    0.00    0.00   99.50
19:26:11     all    0.25    0.00    1.00    0.00    0.00    0.00    0.00    0.00    0.00   98.75
19:26:12     all    0.00    0.00    0.50    0.00    0.00    0.00    0.00    0.00    0.00   99.50
19:26:13     all    0.25    0.00    0.75    0.00    0.00    0.00    0.00    0.00    0.00   99.00
19:26:14     all    0.25    0.00    0.50    0.00    0.00    0.00    0.00    0.00    0.00   99.25
19:26:15     all    0.50    0.00    1.00    0.00    0.00    0.00    0.00    0.00    0.00   98.50
19:26:16     all    0.00    0.00    0.75    0.00    0.00    0.00    0.00    0.00    0.00   99.25
19:26:17     all    0.75    0.00    0.00    0.00    0.00    0.00    0.00    0.00    0.00   99.25
19:26:18     all    0.00    0.00    0.50    0.00    0.00    0.00    0.00    0.00    0.00   99.50
19:26:19     all    0.00    0.00    0.50    0.00    0.00    0.00    0.00    0.00    0.00   99.50
19:26:20     all    0.25    0.00    0.75    0.00    0.00    0.00    0.00    0.00    0.00   99.00
19:26:21     all    0.00    0.00    0.00    0.00    0.00    0.00    0.00    0.00    0.00  100.00
19:26:22     all    0.50    0.00    1.00    0.00    0.00    0.00    0.00    0.00    0.00   98.51
19:26:23     all    0.00    0.00    0.75    0.00    0.00    0.00    0.00    0.00    0.00   99.25
19:26:24     all    0.25    0.00    0.50    0.00    0.00    0.00    0.00    0.00    0.00   99.25
19:26:25     all    0.50    0.00    0.50    0.00    0.00    0.00    0.00    0.00    0.00   99.00
19:26:26     all    0.00    0.00    0.75    0.25    0.00    0.00    0.00    0.00    0.00   99.00
19:26:27     all    0.25    0.00    0.50    0.00    0.00    0.00    0.00    0.00    0.00   99.25
19:26:28     all    0.25    0.00    0.75    0.00    0.00    0.00    0.00    0.00    0.00   99.00
19:26:29     all    0.25    0.00    0.75    0.00    0.00    0.00    0.00    0.00    0.00   99.00
19:26:30     all    0.50    0.00    0.74    0.00    0.00    0.00    0.00    0.00    0.00   98.76
19:26:31     all    0.25    0.00    0.25    0.25    0.00    0.00    0.00    0.00    0.00   99.25
19:26:32     all    0.00    0.00    0.75    0.00    0.00    0.00    0.00    0.00    0.00   99.25
19:26:33     all    0.25    0.00    0.75    0.00    0.00    0.00    0.00    0.00    0.00   99.00
19:26:34     all    0.50    0.00    0.50    0.00    0.00    0.00    0.00    0.00    0.00   99.00
19:26:35     all    0.00    0.00    0.25    0.00    0.00    0.00    0.00    0.00    0.00   99.75
19:26:36     all    0.25    0.00    0.75    0.00    0.00    0.00    0.00    0.00    0.00   99.00
19:26:37     all    0.25    0.00    0.75    0.00    0.00    0.00    0.00    0.00    0.00   99.00
19:26:38     all    0.25    0.00    0.99    0.00    0.00    0.25    0.00    0.00    0.00   98.51
19:26:39     all    0.25    0.00    0.50    0.00    0.00    0.00    0.00    0.00    0.00   99.25
19:26:40     all    0.50    0.00    0.75    0.00    0.00    0.00    0.00    0.00    0.00   98.76
19:26:41     all    0.25    0.00    0.50    0.00    0.00    0.00    0.00    0.00    0.00   99.25
19:26:42     all    0.00    0.00    0.75    0.00    0.00    0.00    0.00    0.00    0.00   99.25
19:26:43     all    1.75    0.00    1.50    0.00    0.00    0.00    0.00    0.00    0.00   96.75
19:26:44     all    0.00    0.00    0.50    0.00    0.00    0.00    0.00    0.00    0.00   99.50
19:26:45     all    0.50    0.00    0.75    0.00    0.00    0.00    0.00    0.00    0.00   98.75
19:26:46     all    0.00    0.00    0.50    0.00    0.00    0.00    0.00    0.00    0.00   99.50
19:26:47     all    0.00    0.00    0.50    0.00    0.00    0.00    0.00    0.00    0.00   99.50
19:26:48     all    0.25    0.00    1.25    0.00    0.00    0.00    0.00    0.00    0.00   98.50
19:26:49     all    0.50    0.00    0.25    0.00    0.00    0.00    0.00    0.00    0.00   99.25
19:26:50     all    0.25    0.00    1.00    0.00    0.00    0.00    0.00    0.00    0.00   98.76
19:26:51     all    0.76    0.00    0.51    0.00    0.00    0.00    0.00    0.00    0.00   98.74
19:26:52     all    0.50    0.00    0.75    0.00    0.00    0.00    0.00    0.00    0.00   98.75
19:26:53     all    0.25    0.00    0.75    0.00    0.00    0.00    0.00    0.00    0.00   99.00
19:26:54     all    0.25    0.00    0.75    0.00    0.00    0.00    0.00    0.00    0.00   99.00
19:26:55     all    0.25    0.00    0.00    0.00    0.00    0.00    0.00    0.00    0.00   99.75
19:26:56     all    0.00    0.00    0.50    0.00    0.00    0.00    0.00    0.00    0.00   99.50
19:26:57     all    0.00    0.00    0.50    0.00    0.00    0.00    0.00    0.00    0.00   99.50
19:26:58     all    0.50    0.00    0.50    0.00    0.00    0.00    0.00    0.00    0.00   99.00
19:26:59     all    0.25    0.00    0.75    0.00    0.00    0.00    0.00    0.00    0.00   99.00
19:27:00     all    0.00    0.00    0.75    0.00    0.00    0.00    0.00    0.00    0.00   99.25
19:27:01     all    0.25    0.00    0.50    0.00    0.00    0.00    0.00    0.00    0.00   99.25
19:27:02     all    0.75    0.00    0.75    0.00    0.00    0.00    0.00    0.00    0.00   98.51
19:27:03     all    0.00    0.00    0.50    0.00    0.00    0.00    0.00    0.00    0.00   99.50
19:27:04     all    0.25    0.00    1.00    0.00    0.00    0.00    0.00    0.00    0.00   98.75
19:27:05     all    0.25    0.00    0.50    0.00    0.00    0.00    0.00    0.00    0.00   99.25
19:27:06     all    0.00    0.00    0.50    0.00    0.00    0.00    0.00    0.00    0.00   99.50
19:27:07     all    0.75    0.00    0.25    0.00    0.00    0.00    0.00    0.00    0.00   99.00
19:27:08     all    0.00    0.00    1.00    0.00    0.00    0.00    0.00    0.00    0.00   99.00
19:27:09     all    0.50    0.00    0.50    0.00    0.00    0.00    0.00    0.00    0.00   99.00
19:27:10     all    0.25    0.00    0.75    0.00    0.00    0.00    0.00    0.00    0.00   99.00
19:27:11     all    0.25    0.00    0.50    0.00    0.00    0.00    0.00    0.00    0.00   99.25
19:27:12     all    0.00    0.00    0.75    0.00    0.00    0.00    0.00    0.00    0.00   99.25
19:27:13     all    0.25    0.00    0.25    0.00    0.00    0.00    0.00    0.00    0.00   99.50
19:27:14     all    0.50    0.00    0.75    0.00    0.00    0.00    0.00    0.00    0.00   98.75
19:27:15     all    0.25    0.00    0.75    0.00    0.00    0.00    0.00    0.00    0.00   99.00
19:27:16     all    0.25    0.00    0.25    0.00    0.00    0.00    0.00    0.00    0.00   99.50
19:27:17     all    0.25    0.00    1.00    0.00    0.00    0.00    0.00    0.00    0.00   98.75
19:27:18     all    0.50    0.00    0.50    0.00    0.00    0.00    0.00    0.00    0.00   99.00
19:27:19     all    0.00    0.00    0.25    0.00    0.00    0.00    0.00    0.00    0.00   99.75
19:27:20     all    0.50    0.00    0.50    0.00    0.00    0.00    0.00    0.00    0.00   99.00
19:27:21     all    0.00    0.00    1.00    0.00    0.00    0.25    0.00    0.00    0.00   98.75
19:27:22     all    0.25    0.00    0.50    0.00    0.00    0.00    0.00    0.00    0.00   99.25
19:27:23     all    0.25    0.00    0.50    0.00    0.00    0.00    0.00    0.00    0.00   99.25
19:27:24     all    0.25    0.00    0.25    0.25    0.00    0.00    0.00    0.00    0.00   99.25
19:27:25     all    0.99    0.00    1.24    0.00    0.00    0.00    0.00    0.00    0.00   97.77
19:27:26     all    0.00    0.00    0.50    0.00    0.00    0.00    0.00    0.00    0.00   99.50
19:27:27     all    0.75    0.00    0.75    0.00    0.00    0.00    0.00    0.00    0.00   98.50
19:27:28     all    0.50    0.00    0.50    0.25    0.00    0.00    0.00    0.00    0.00   98.75
19:27:29     all    0.25    0.00    0.50    0.00    0.00    0.00    0.00    0.00    0.00   99.25
19:27:30     all    0.25    0.00    1.24    0.00    0.00    0.00    0.00    0.00    0.00   98.51
19:27:31     all    0.25    0.00    0.50    0.00    0.00    0.00    0.00    0.00    0.00   99.25
19:27:32     all    0.00    0.00    0.25    0.00    0.00    0.00    0.00    0.00    0.00   99.75
19:27:33     all    0.25    0.00    0.75    0.00    0.00    0.00    0.00    0.00    0.00   99.00
19:27:34     all    0.00    0.00    0.25    0.00    0.00    0.00    0.00    0.00    0.00   99.75
19:27:35     all    0.25    0.00    0.25    0.00    0.00    0.00    0.00    0.00    0.00   99.50
19:27:36     all    0.25    0.00    0.75    0.00    0.00    0.00    0.00    0.00    0.00   99.00
19:27:37     all    0.50    0.00    0.50    0.00    0.00    0.00    0.00    0.00    0.00   99.00
19:27:38     all    0.25    0.00    0.75    0.00    0.00    0.00    0.00    0.00    0.00   99.00
19:27:39     all    0.25    0.00    0.50    0.00    0.00    0.00    0.00    0.00    0.00   99.25
19:27:40     all    0.25    0.00    0.50    0.00    0.00    0.00    0.00    0.00    0.00   99.25
19:27:41     all    1.00    0.00    1.00    0.00    0.00    0.00    0.00    0.00    0.00   98.01
19:27:42     all    0.00    0.00    0.75    0.00    0.00    0.00    0.00    0.00    0.00   99.25
19:27:43     all    0.25    0.00    0.50    0.00    0.00    0.00    0.00    0.00    0.00   99.25
19:27:44     all    0.25    0.00    0.50    0.00    0.00    0.00    0.00    0.00    0.00   99.25
19:27:45     all    0.50    0.00    0.75    0.00    0.00    0.00    0.00    0.00    0.00   98.75
19:27:46     all    0.25    0.00    0.50    0.00    0.00    0.00    0.00    0.00    0.00   99.25
19:27:47     all    0.25    0.00    0.50    0.00    0.00    0.00    0.00    0.00    0.00   99.25
19:27:48     all    0.25    0.00    1.00    0.00    0.00    0.00    0.00    0.00    0.00   98.75
19:27:49     all    0.25    0.00    0.50    0.00    0.00    0.00    0.00    0.00    0.00   99.25
19:27:50     all    0.25    0.00    0.75    0.00    0.00    0.00    0.00    0.00    0.00   99.00
19:27:51     all    0.00    0.00    0.50    0.00    0.00    0.00    0.00    0.00    0.00   99.50
19:27:52     all    0.00    0.00    0.75    0.00    0.00    0.00    0.00    0.00    0.00   99.25
19:27:53     all    0.25    0.00    0.75    0.00    0.00    0.00    0.00    0.00    0.00   99.00
19:27:54     all    0.25    0.00    0.50    0.00    0.00    0.00    0.00    0.00    0.00   99.25
19:27:55     all    0.50    0.00    0.50    0.00    0.00    0.00    0.00    0.00    0.00   99.00
19:27:56     all    0.00    0.00    0.75    0.00    0.00    0.00    0.00    0.00    0.00   99.25
19:27:57     all    0.50    0.00    0.50    0.00    0.00    0.00    0.00    0.00    0.00   99.00
19:27:58     all    0.00    0.00    0.50    0.00    0.00    0.00    0.00    0.00    0.00   99.50
19:27:59     all    0.25    0.00    0.50    0.00    0.00    0.00    0.00    0.00    0.00   99.25
19:28:00     all    0.25    0.00    1.00    0.00    0.00    0.00    0.00    0.00    0.00   98.76
19:28:01     all    0.25    0.00    0.25    0.00    0.00    0.00    0.00    0.00    0.00   99.50
19:28:02     all    0.50    0.00    0.75    0.00    0.00    0.00    0.00    0.00    0.00   98.76
19:28:03     all    0.00    0.00    0.50    0.00    0.00    0.00    0.00    0.00    0.00   99.50
19:28:04     all    0.25    0.00    0.50    0.00    0.00    0.00    0.00    0.00    0.00   99.25
19:28:05     all    0.25    0.00    0.75    0.00    0.00    0.00    0.00    0.00    0.00   99.00
19:28:06     all    0.25    0.00    0.50    0.00    0.00    0.00    0.00    0.00    0.00   99.25
19:28:07     all    0.50    0.00    0.50    0.00    0.00    0.00    0.00    0.00    0.00   99.00
19:28:08     all    0.00    0.00    0.75    0.00    0.00    0.00    0.00    0.00    0.00   99.25
19:28:09     all    0.50    0.00    0.99    0.00    0.00    0.00    0.00    0.00    0.00   98.51
19:28:10     all    0.25    0.00    0.25    0.00    0.00    0.00    0.00    0.00    0.00   99.50
19:28:11     all    0.25    0.00    0.50    0.00    0.00    0.00    0.00    0.00    0.00   99.25
19:28:12     all    0.25    0.00    0.25    0.00    0.00    0.00    0.00    0.00    0.00   99.50
19:28:13     all    0.25    0.00    0.25    0.00    0.00    0.00    0.00    0.00    0.00   99.50
19:28:14     all    0.25    0.00    0.75    0.00    0.00    0.00    0.00    0.00    0.00   99.00
19:28:15     all    0.00    0.00    0.50    0.00    0.00    0.00    0.00    0.00    0.00   99.50
19:28:16     all    0.50    0.00    0.75    0.00    0.00    0.00    0.00    0.00    0.00   98.75
19:28:17     all    0.00    0.00    1.00    0.00    0.00    0.00    0.00    0.00    0.00   99.00
19:28:18     all    0.25    0.00    0.25    0.00    0.00    0.00    0.00    0.00    0.00   99.50
19:28:19     all    0.00    0.00    0.75    0.25    0.00    0.00    0.00    0.00    0.00   99.00
19:28:20     all    0.75    0.00    0.75    0.00    0.00    0.00    0.00    0.00    0.00   98.51
19:28:21     all    0.00    0.00    0.50    0.00    0.00    0.00    0.00    0.00    0.00   99.50
19:28:22     all    0.50    0.00    0.50    0.00    0.00    0.00    0.00    0.00    0.00   99.00
19:28:23     all    0.25    0.00    0.75    0.00    0.00    0.00    0.00    0.00    0.00   99.00
19:28:24     all    0.25    0.00    0.50    0.00    0.00    0.00    0.00    0.00    0.00   99.25
19:28:25     all    0.00    0.00    0.25    0.00    0.00    0.00    0.00    0.00    0.00   99.75
19:28:26     all    0.50    0.00    0.75    0.00    0.00    0.00    0.00    0.00    0.00   98.75
19:28:27     all    0.50    0.00    0.75    0.00    0.00    0.00    0.00    0.00    0.00   98.75
19:28:28     all    0.00    0.00    0.50    0.00    0.00    0.00    0.00    0.00    0.00   99.50
19:28:29     all    1.25    0.00    1.00    0.00    0.00    0.00    0.00    0.00    0.00   97.74
19:28:30     all    0.25    0.00    0.75    0.00    0.00    0.00    0.00    0.00    0.00   99.00
19:28:31     all    0.50    0.00    0.50    0.00    0.00    0.00    0.00    0.00    0.00   99.00
19:28:32     all    0.00    0.00    1.00    0.00    0.00    0.00    0.00    0.00    0.00   99.00
19:28:33     all    0.50    0.00    0.50    0.00    0.00    0.00    0.00    0.00    0.00   99.00
19:28:34     all    0.00    0.00    0.50    0.00    0.00    0.00    0.00    0.00    0.00   99.50
19:28:35     all    0.25    0.00    0.75    0.00    0.00    0.00    0.00    0.00    0.00   99.00
19:28:36     all    0.25    0.00    0.50    0.00    0.00    0.00    0.00    0.00    0.00   99.25
19:28:37     all    1.25    0.00    0.50    0.00    0.00    0.00    0.00    0.00    0.00   98.25
19:28:38     all    0.00    0.00    0.75    0.00    0.00    0.00    0.00    0.00    0.00   99.25
19:28:39     all    0.25    0.00    0.50    0.00    0.00    0.00    0.00    0.00    0.00   99.25
19:28:40     all    0.00    0.00    1.00    0.00    0.00    0.00    0.00    0.00    0.00   99.00
19:28:41     all    0.50    0.00    0.25    0.00    0.00    0.00    0.00    0.00    0.00   99.25
19:28:42     all    0.25    0.00    1.00    0.00    0.00    0.00    0.00    0.00    0.00   98.75
19:28:43     all    0.75    0.00    0.50    0.00    0.00    0.00    0.00    0.00    0.00   98.75
19:28:44     all    0.00    0.00    0.50    0.00    0.00    0.00    0.00    0.00    0.00   99.50
19:28:45     all    1.25    0.00    1.50    0.00    0.00    0.00    0.00    0.00    0.00   97.26
19:28:46     all    0.00    0.00    0.25    0.00    0.00    0.00    0.00    0.00    0.00   99.75
19:28:47     all    0.50    0.00    0.75    0.00    0.00    0.00    0.00    0.00    0.00   98.75
19:28:48     all    0.25    0.00    0.50    0.00    0.00    0.00    0.00    0.00    0.00   99.25
19:28:49     all    0.25    0.00    0.50    0.00    0.00    0.00    0.00    0.00    0.00   99.25
19:28:50     all    0.25    0.00    0.50    0.25    0.00    0.00    0.00    0.00    0.00   99.01
19:28:51     all    0.25    0.00    0.25    0.00    0.00    0.00    0.00    0.00    0.00   99.50
19:28:52     all    0.00    0.00    0.75    0.00    0.00    0.00    0.00    0.00    0.00   99.25
19:28:53     all    0.25    0.00    1.00    0.00    0.00    0.00    0.00    0.00    0.00   98.75
19:28:54     all    0.00    0.00    0.25    0.00    0.00    0.00    0.00    0.00    0.00   99.75
19:28:55     all    0.25    0.00    0.75    0.00    0.00    0.00    0.00    0.00    0.00   99.00
19:28:56     all    0.25    0.00    0.75    0.00    0.00    0.00    0.00    0.00    0.00   99.00
19:28:57     all    0.50    0.00    0.25    0.00    0.00    0.00    0.00    0.00    0.00   99.25
19:28:58     all    0.25    0.00    0.75    0.00    0.00    0.00    0.00    0.00    0.00   99.00
19:28:59     all    0.00    0.00    0.50    0.00    0.00    0.00    0.00    0.00    0.00   99.50
19:29:00     all    0.50    0.00    0.50    0.25    0.00    0.00    0.00    0.00    0.00   98.76
19:29:01     all    0.50    0.00    0.75    0.00    0.00    0.00    0.00    0.00    0.00   98.75
19:29:02     all    0.00    0.00    0.75    0.00    0.00    0.00    0.00    0.00    0.00   99.25
19:29:03     all    0.25    0.00    0.50    0.00    0.00    0.00    0.00    0.00    0.00   99.25
19:29:04     all    0.00    0.00    0.51    0.00    0.00    0.00    0.00    0.00    0.00   99.49
19:29:05     all    0.75    0.00    0.50    0.00    0.00    0.00    0.00    0.00    0.00   98.76
19:29:06     all    0.25    0.00    1.00    0.00    0.00    0.00    0.00    0.00    0.00   98.75
19:29:07     all    0.00    0.00    1.00    0.00    0.00    0.00    0.00    0.00    0.00   99.00
19:29:08     all    0.00    0.00    0.25    0.00    0.00    0.00    0.00    0.00    0.00   99.75
19:29:09     all    0.00    0.00    0.75    0.00    0.00    0.00    0.00    0.00    0.00   99.25
19:29:10     all    0.25    0.00    0.75    0.00    0.00    0.00    0.00    0.00    0.00   99.00
19:29:11     all    0.75    0.00    0.25    0.00    0.00    0.00    0.00    0.00    0.00   99.00
19:29:12     all    0.00    0.00    0.75    0.00    0.00    0.00    0.00    0.00    0.00   99.25
19:29:13     all    0.75    0.00    1.00    0.00    0.00    0.25    0.00    0.00    0.00   98.01
19:29:14     all    0.25    0.00    0.50    0.00    0.00    0.00    0.00    0.00    0.00   99.25
19:29:15     all    0.25    0.00    0.75    0.00    0.00    0.00    0.00    0.00    0.00   98.99
19:29:16     all    0.25    0.00    0.50    0.00    0.00    0.00    0.00    0.00    0.00   99.25
19:29:17     all    0.25    0.00    0.75    0.00    0.00    0.00    0.00    0.00    0.00   99.00
19:29:18     all    0.00    0.00    0.75    0.00    0.00    0.00    0.00    0.00    0.00   99.25
19:29:19     all    0.75    0.00    0.25    0.25    0.00    0.00    0.00    0.00    0.00   98.75
19:29:20     all    0.25    0.00    0.75    0.00    0.00    0.00    0.00    0.00    0.00   99.00
19:29:21     all    0.25    0.00    0.50    0.00    0.00    0.00    0.00    0.00    0.00   99.25
19:29:22     all    0.50    0.00    0.50    0.00    0.00    0.00    0.00    0.00    0.00   99.00
19:29:23     all    0.50    0.00    0.00    0.00    0.00    0.00    0.00    0.00    0.00   99.50
19:29:24     all    0.00    0.00    1.24    0.00    0.00    0.00    0.00    0.00    0.00   98.76
19:29:25     all    0.76    0.00    0.50    0.00    0.00    0.00    0.00    0.00    0.00   98.74
19:29:26     all    0.00    0.00    0.75    0.00    0.00    0.00    0.00    0.00    0.00   99.25
19:29:27     all    0.00    0.00    0.75    0.00    0.00    0.00    0.00    0.00    0.00   99.25
19:29:28     all    0.25    0.00    0.50    0.00    0.00    0.00    0.00    0.00    0.00   99.25
19:29:29     all    0.25    0.00    0.25    0.00    0.00    0.00    0.00    0.00    0.00   99.50
19:29:30     all    0.25    0.00    0.50    0.00    0.00    0.00    0.00    0.00    0.00   99.25
19:29:31     all    0.00    0.00    0.50    0.00    0.00    0.00    0.00    0.00    0.00   99.50
19:29:32     all    0.50    0.00    0.75    0.00    0.00    0.00    0.00    0.00    0.00   98.76
19:29:33     all    0.25    0.00    0.75    0.00    0.00    0.25    0.00    0.00    0.00   98.75
19:29:34     all    0.25    0.00    0.75    0.25    0.00    0.00    0.25    0.00    0.00   98.51
19:29:35     all    0.25    0.00    0.75    0.00    0.00    0.00    0.00    0.00    0.00   99.00
19:29:36     all    0.25    0.00    0.50    0.00    0.00    0.00    0.00    0.00    0.00   99.25
19:29:37     all    0.25    0.00    0.50    0.00    0.00    0.00    0.00    0.00    0.00   99.25
19:29:38     all    0.25    0.00    0.75    0.00    0.00    0.00    0.00    0.00    0.00   99.00
19:29:39     all    0.50    0.00    0.50    0.00    0.00    0.00    0.00    0.00    0.00   99.00
19:29:40     all    0.00    0.00    0.50    0.00    0.00    0.00    0.00    0.00    0.00   99.50
19:29:41     all    0.25    0.00    0.75    0.00    0.00    0.00    0.00    0.00    0.00   99.00
19:29:42     all    0.50    0.00    0.50    0.00    0.00    0.00    0.00    0.00    0.00   99.00
19:29:43     all    0.25    0.00    0.25    0.00    0.00    0.00    0.00    0.00    0.00   99.50
19:29:44     all    0.25    0.00    1.25    0.00    0.00    0.00    0.00    0.00    0.00   98.50
19:29:45     all    0.25    0.00    0.00    0.00    0.00    0.00    0.00    0.00    0.00   99.75
19:29:46     all    0.50    0.00    0.75    0.00    0.00    0.00    0.00    0.00    0.00   98.75
19:29:47     all    0.00    0.00    0.50    0.00    0.00    0.00    0.00    0.00    0.00   99.50
19:29:48     all    0.50    0.00    0.50    0.00    0.00    0.00    0.00    0.00    0.00   99.00
19:29:49     all    0.00    0.00    1.00    0.00    0.00    0.00    0.00    0.00    0.00   99.00
19:29:50     all    0.50    0.00    0.50    0.00    0.00    0.00    0.00    0.00    0.00   99.00
19:29:51     all    0.00    0.00    0.25    0.00    0.00    0.00    0.00    0.00    0.00   99.75
19:29:52     all    0.50    0.00    0.99    0.00    0.00    0.00    0.00    0.00    0.00   98.51
19:29:53     all    0.25    0.00    0.25    0.00    0.00    0.00    0.00    0.00    0.00   99.50
19:29:54     all    0.25    0.00    0.75    0.00    0.00    0.00    0.00    0.00    0.00   99.00
19:29:55     all    0.50    0.00    0.75    0.00    0.00    0.00    0.00    0.00    0.00   98.76
19:29:56     all    0.00    0.00    0.25    0.00    0.00    0.00    0.00    0.00    0.00   99.75
19:29:57     all    0.25    0.00    0.75    0.00    0.00    0.00    0.00    0.00    0.00   99.00
19:29:58     all    0.50    0.00    0.50    0.00    0.00    0.00    0.00    0.00    0.00   99.00
19:29:59     all    0.00    0.00    0.75    0.00    0.00    0.25    0.00    0.00    0.00   99.00
19:30:00     all    0.00    0.00    0.75    0.00    0.00    0.00    0.00    0.00    0.00   99.25
19:30:01     all    0.50    0.00    0.75    0.00    0.00    0.00    0.00    0.00    0.00   98.75
19:30:02     all    0.25    0.00    0.75    0.00    0.00    0.00    0.00    0.00    0.00   99.00
19:30:03     all    0.25    0.00    0.50    0.00    0.00    0.00    0.00    0.00    0.00   99.25
19:30:04     all    0.50    0.00    0.75    0.00    0.00    0.00    0.00    0.00    0.00   98.75
19:30:05     all    0.00    0.00    1.00    0.00    0.00    0.00    0.00    0.00    0.00   99.00
19:30:06     all    0.25    0.00    0.50    0.00    0.00    0.00    0.00    0.00    0.00   99.25
19:30:07     all    0.00    0.00    0.00    0.00    0.00    0.00    0.00    0.00    0.00  100.00
19:30:08     all    0.50    0.00    0.75    0.00    0.00    0.00    0.00    0.00    0.00   98.75
19:30:09     all    0.25    0.00    0.50    0.00    0.00    0.00    0.00    0.00    0.00   99.25
19:30:10     all    0.00    0.00    0.75    0.00    0.00    0.00    0.00    0.00    0.00   99.25
19:30:11     all    0.25    0.00    0.50    0.00    0.00    0.00    0.00    0.00    0.00   99.25
19:30:12     all    0.50    0.00    0.25    0.00    0.00    0.00    0.00    0.00    0.00   99.25
19:30:13     all    0.00    0.00    1.00    0.00    0.00    0.00    0.00    0.00    0.00   99.00
19:30:14     all    0.25    0.00    0.75    0.00    0.00    0.00    0.00    0.00    0.00   99.00
19:30:15     all    0.50    0.00    0.50    0.00    0.00    0.00    0.00    0.00    0.00   99.00
19:30:16     all    0.25    0.00    1.00    0.00    0.00    0.00    0.00    0.00    0.00   98.75
19:30:17     all    0.00    0.00    0.25    0.00    0.00    0.00    0.00    0.00    0.00   99.75
19:30:18     all    0.25    0.00    0.50    0.00    0.00    0.00    0.00    0.00    0.00   99.25
19:30:19     all    0.00    0.00    1.00    0.00    0.00    0.00    0.00    0.00    0.00   99.00
19:30:20     all    0.50    0.00    0.50    0.00    0.00    0.00    0.00    0.00    0.00   99.00
19:30:21     all    0.25    0.00    0.50    0.00    0.00    0.00    0.00    0.00    0.00   99.25
19:30:22     all    0.25    0.00    0.50    0.00    0.00    0.00    0.00    0.00    0.00   99.25
19:30:23     all    0.00    0.00    0.75    0.00    0.00    0.00    0.00    0.00    0.00   99.25
19:30:24     all    0.25    0.00    0.75    0.00    0.00    0.00    0.00    0.00    0.00   99.00
19:30:25     all    0.50    0.00    0.75    0.00    0.00    0.00    0.00    0.00    0.00   98.76
19:30:26     all    0.25    0.00    0.50    0.00    0.00    0.25    0.25    0.00    0.00   98.75
19:30:27     all    0.50    0.00    0.25    0.00    0.00    0.00    0.00    0.00    0.00   99.25
19:30:28     all    0.00    0.00    0.75    0.00    0.00    0.00    0.00    0.00    0.00   99.25
19:30:29     all    0.75    0.00    0.50    0.00    0.00    0.00    0.00    0.00    0.00   98.75
19:30:30     all    0.25    0.00    1.00    0.00    0.00    0.00    0.00    0.00    0.00   98.76
19:30:31     all    0.00    0.00    0.25    0.00    0.00    0.00    0.00    0.00    0.00   99.75
19:30:32     all    0.25    0.00    0.75    0.00    0.00    0.00    0.00    0.00    0.00   99.00
19:30:33     all    0.25    0.00    0.50    0.00    0.00    0.00    0.00    0.00    0.00   99.25
19:30:34     all    0.50    0.00    0.50    0.00    0.00    0.00    0.00    0.00    0.00   99.00
19:30:35     all    0.25    0.00    0.50    0.00    0.00    0.00    0.00    0.00    0.00   99.25
19:30:36     all    0.00    0.00    0.75    0.00    0.00    0.00    0.00    0.00    0.00   99.25
19:30:37     all    0.50    0.00    0.25    0.00    0.00    0.00    0.00    0.00    0.00   99.25
19:30:38     all    0.25    0.00    1.00    0.00    0.00    0.00    0.00    0.00    0.00   98.75
19:30:39     all    0.25    0.00    0.50    0.00    0.00    0.00    0.00    0.00    0.00   99.25
19:30:40     all    0.00    0.00    1.00    0.00    0.00    0.00    0.00    0.00    0.00   99.00
19:30:41     all    0.25    0.00    0.25    0.00    0.00    0.00    0.00    0.00    0.00   99.50
19:30:42     all    0.00    0.00    0.75    0.00    0.00    0.00    0.00    0.00    0.00   99.25
19:30:43     all    0.50    0.00    0.75    0.00    0.00    0.00    0.00    0.00    0.00   98.75
19:30:44     all    0.25    0.00    0.25    0.00    0.00    0.00    0.00    0.00    0.00   99.50
19:30:45     all    0.00    0.00    0.50    0.00    0.00    0.00    0.00    0.00    0.00   99.50
19:30:46     all    0.00    0.00    0.50    0.00    0.00    0.00    0.00    0.00    0.00   99.50
19:30:47     all    0.75    0.00    0.75    0.00    0.00    0.00    0.00    0.00    0.00   98.51
19:30:48     all    0.00    0.00    0.50    0.00    0.00    0.00    0.00    0.00    0.00   99.50
19:30:49     all    0.50    0.00    0.50    0.00    0.00    0.00    0.00    0.00    0.00   99.00
19:30:50     all    0.25    0.00    0.50    0.00    0.00    0.00    0.00    0.00    0.00   99.25
19:30:51     all    0.25    0.00    1.00    0.00    0.00    0.00    0.00    0.00    0.00   98.75
19:30:52     all    0.00    0.00    0.50    0.00    0.00    0.00    0.00    0.00    0.00   99.50
19:30:53     all    0.50    0.00    0.50    0.00    0.00    0.00    0.00    0.00    0.00   99.00
19:30:54     all    0.25    0.00    0.75    0.25    0.00    0.00    0.00    0.00    0.00   98.75
19:30:55     all    0.00    0.00    0.50    0.00    0.00    0.00    0.00    0.00    0.00   99.50
19:30:56     all    0.00    0.00    0.75    0.00    0.00    0.00    0.00    0.00    0.00   99.25
19:30:57     all    0.25    0.00    0.75    0.00    0.00    0.00    0.00    0.00    0.00   99.00
19:30:58     all    0.50    0.00    0.50    0.00    0.00    0.00    0.00    0.00    0.00   98.99
19:30:59     all    0.00    0.00    0.75    0.00    0.00    0.00    0.00    0.00    0.00   99.25
19:31:00     all    0.50    0.00    0.75    0.25    0.00    0.00    0.00    0.00    0.00   98.50
19:31:01     all    0.50    0.00    0.75    0.00    0.00    0.00    0.00    0.00    0.00   98.75
19:31:02     all    0.25    0.00    0.50    0.00    0.00    0.00    0.00    0.00    0.00   99.25
19:31:03     all    0.25    0.00    0.75    0.00    0.00    0.00    0.00    0.00    0.00   99.00
19:31:04     all    0.25    0.00    0.25    0.75    0.00    0.00    0.00    0.00    0.00   98.75
19:31:05     all    0.25    0.00    0.75    0.00    0.00    0.00    0.00    0.00    0.00   99.00
19:31:06     all    0.50    0.00    0.50    0.00    0.00    0.00    0.00    0.00    0.00   99.00
19:31:07     all    0.25    0.00    0.75    0.00    0.00    0.00    0.00    0.00    0.00   99.00
19:31:08     all    0.00    0.00    0.50    0.00    0.00    0.00    0.00    0.00    0.00   99.50
19:31:09     all    0.50    0.00    0.50    0.00    0.00    0.00    0.00    0.00    0.00   99.00
19:31:10     all    0.00    0.00    0.75    0.00    0.00    0.00    0.00    0.00    0.00   99.25
19:31:11     all    0.50    0.00    0.50    0.00    0.00    0.00    0.00    0.00    0.00   99.00
19:31:12     all    0.25    0.00    0.75    0.00    0.00    0.00    0.00    0.00    0.00   98.99
19:31:13     all    0.50    0.00    0.50    0.00    0.00    0.00    0.00    0.00    0.00   99.00
19:31:14     all    0.00    0.00    0.75    0.00    0.00    0.00    0.00    0.00    0.00   99.25
19:31:15     all    0.25    0.00    0.75    0.00    0.00    0.00    0.00    0.00    0.00   99.00
19:31:16     all    0.25    0.00    0.50    0.00    0.00    0.00    0.00    0.00    0.00   99.25
19:31:17     all    0.25    0.00    0.75    0.00    0.00    0.00    0.00    0.00    0.00   99.00
19:31:18     all    0.25    0.00    1.00    0.00    0.00    0.00    0.25    0.00    0.00   98.50
19:31:19     all    0.50    0.00    0.50    0.00    0.00    0.00    0.00    0.00    0.00   99.00
19:31:20     all    0.25    0.00    0.50    0.00    0.00    0.00    0.00    0.00    0.00   99.25
19:31:21     all    0.00    0.00    0.25    0.00    0.00    0.00    0.00    0.00    0.00   99.75
19:31:22     all    0.50    0.00    0.50    0.00    0.00    0.00    0.00    0.00    0.00   99.00
19:31:23     all    0.25    0.00    0.25    0.00    0.00    0.00    0.00    0.00    0.00   99.50
19:31:24     all    0.25    0.00    0.50    0.00    0.00    0.00    0.00    0.00    0.00   99.25
19:31:25     all    1.00    0.00    0.75    0.00    0.00    0.00    0.00    0.00    0.00   98.25
19:31:26     all    0.25    0.00    1.00    0.00    0.00    0.00    0.00    0.00    0.00   98.76
19:31:27     all    0.00    0.00    0.50    0.25    0.00    0.00    0.00    0.00    0.00   99.24
19:31:28     all    0.25    0.00    0.50    0.00    0.00    0.00    0.00    0.00    0.00   99.25
19:31:29     all    0.25    0.00    0.75    0.00    0.00    0.00    0.00    0.00    0.00   98.99
19:31:30     all    0.50    0.00    0.25    0.00    0.00    0.00    0.00    0.00    0.00   99.25
19:31:31     all    0.00    0.00    0.75    0.00    0.00    0.00    0.00    0.00    0.00   99.25
19:31:32     all    0.25    0.00    0.50    0.00    0.00    0.00    0.00    0.00    0.00   99.25
19:31:33     all    0.00    0.00    0.50    0.00    0.00    0.00    0.00    0.00    0.00   99.50
19:31:34     all    0.50    0.00    0.75    0.00    0.00    0.00    0.00    0.00    0.00   98.75
19:31:35     all    0.00    0.00    0.75    0.00    0.00    0.00    0.00    0.00    0.00   99.25
19:31:36     all    0.50    0.00    0.50    0.00    0.00    0.00    0.00    0.00    0.00   99.00
19:31:37     all    0.25    0.00    0.75    0.00    0.00    0.00    0.00    0.00    0.00   99.00
19:31:38     all    0.00    0.00    0.75    0.00    0.00    0.00    0.00    0.00    0.00   99.25
19:31:39     all    0.25    0.00    0.75    0.00    0.00    0.00    0.00    0.00    0.00   99.00
19:31:40     all    0.50    0.00    0.25    0.00    0.00    0.00    0.00    0.00    0.00   99.25
19:31:41     all    0.00    0.00    1.00    0.00    0.00    0.00    0.00    0.00    0.00   99.00
19:31:42     all    0.50    0.00    0.50    0.00    0.00    0.00    0.00    0.00    0.00   99.00
19:31:43     all    0.25    0.00    0.50    0.00    0.00    0.00    0.00    0.00    0.00   99.25
19:31:44     all    0.25    0.00    0.50    0.00    0.00    0.00    0.00    0.00    0.00   99.25
19:31:45     all    0.00    0.00    0.75    0.00    0.00    0.00    0.00    0.00    0.00   99.25
19:31:46     all    0.50    0.00    0.50    0.00    0.00    0.00    0.00    0.00    0.00   99.00
19:31:47     all    0.25    0.00    0.75    0.00    0.00    0.00    0.00    0.00    0.00   99.00
19:31:48     all    0.25    0.00    0.50    0.00    0.00    0.00    0.00    0.00    0.00   99.25
19:31:49     all    0.00    0.00    0.50    0.00    0.00    0.00    0.00    0.00    0.00   99.50
19:31:50     all    0.25    0.00    0.75    0.00    0.00    0.00    0.00    0.00    0.00   99.00
19:31:51     all    0.75    0.00    0.50    0.00    0.00    0.00    0.00    0.00    0.00   98.76
19:31:52     all    0.00    0.00    0.50    0.00    0.00    0.00    0.00    0.00    0.00   99.50
19:31:53     all    0.25    0.00    0.50    0.00    0.00    0.00    0.00    0.00    0.00   99.25
19:31:54     all    0.25    0.00    1.24    0.00    0.00    0.00    0.00    0.00    0.00   98.51
19:31:55     all    0.25    0.00    0.25    0.00    0.00    0.00    0.00    0.00    0.00   99.50
19:31:56     all    0.25    0.00    0.75    0.00    0.00    0.00    0.00    0.00    0.00   99.00
19:31:57     all    0.50    0.00    0.50    0.00    0.00    0.00    0.00    0.00    0.00   99.00
19:31:58     all    0.00    0.00    0.50    0.00    0.00    0.00    0.00    0.00    0.00   99.50
19:31:59     all    0.25    0.00    0.50    0.00    0.00    0.00    0.00    0.00    0.00   99.25
19:32:00     all    0.75    0.00    0.50    0.00    0.00    0.00    0.00    0.00    0.00   98.75
19:32:01     all    0.00    0.00    0.75    0.00    0.00    0.00    0.00    0.00    0.00   99.25
19:32:02     all    0.00    0.00    0.00    0.00    0.00    0.00    0.00    0.00    0.00  100.00
19:32:03     all    0.50    0.00    0.25    0.00    0.00    0.00    0.00    0.00    0.00   99.25
19:32:04     all    0.00    0.00    0.75    0.00    0.00    0.00    0.00    0.00    0.00   99.25
19:32:05     all    0.25    0.00    0.25    0.25    0.00    0.00    0.00    0.00    0.00   99.25
19:32:06     all    0.50    0.00    0.75    0.00    0.00    0.00    0.00    0.00    0.00   98.75
19:32:07     all    0.25    0.00    0.75    0.00    0.00    0.00    0.00    0.00    0.00   99.00
19:32:08     all    0.00    0.00    0.50    0.00    0.00    0.00    0.00    0.00    0.00   99.50
19:32:09     all    0.25    0.00    0.25    0.00    0.00    0.00    0.00    0.00    0.00   99.50
19:32:10     all    0.50    0.00    0.75    0.00    0.00    0.00    0.00    0.00    0.00   98.75
19:32:11     all    0.25    0.00    0.75    0.00    0.00    0.00    0.00    0.00    0.00   99.00
19:32:12     all    0.00    0.00    0.75    0.00    0.00    0.00    0.00    0.00    0.00   99.25
19:32:13     all    0.75    0.00    0.50    0.00    0.00    0.00    0.00    0.00    0.00   98.75
19:32:14     all    0.25    0.00    0.75    0.00    0.00    0.00    0.00    0.00    0.00   99.00
19:32:15     all    0.00    0.00    0.50    0.00    0.00    0.00    0.00    0.00    0.00   99.50
19:32:16     all    0.00    0.00    0.75    0.00    0.00    0.00    0.00    0.00    0.00   99.25
19:32:17     all    0.25    0.00    0.25    0.00    0.00    0.00    0.00    0.00    0.00   99.50
19:32:18     all    0.25    0.00    1.00    0.00    0.00    0.00    0.00    0.00    0.00   98.75
19:32:19     all    0.25    0.00    0.50    0.00    0.00    0.00    0.00    0.00    0.00   99.25
19:32:20     all    0.50    0.00    0.75    0.00    0.00    0.00    0.00    0.00    0.00   98.76
19:32:21     all    0.00    0.00    0.25    0.00    0.00    0.00    0.00    0.00    0.00   99.75
19:32:22     all    0.25    0.00    0.75    0.00    0.00    0.00    0.00    0.00    0.00   99.00
19:32:23     all    0.25    0.00    0.50    0.00    0.00    0.00    0.00    0.00    0.00   99.25
19:32:24     all    0.50    0.00    0.75    0.00    0.00    0.25    0.00    0.00    0.00   98.51
19:32:25     all    0.00    0.00    0.50    0.00    0.00    0.00    0.00    0.00    0.00   99.50
19:32:26     all    0.50    0.00    0.75    0.00    0.00    0.00    0.00    0.00    0.00   98.75
19:32:27     all    0.00    0.00    0.75    0.00    0.00    0.00    0.00    0.00    0.00   99.25
19:32:28     all    0.25    0.00    0.50    0.00    0.00    0.00    0.00    0.00    0.00   99.25
19:32:29     all    0.50    0.00    0.75    0.00    0.00    0.00    0.00    0.00    0.00   98.75
19:32:30     all    0.00    0.00    0.50    0.00    0.00    0.00    0.00    0.00    0.00   99.50
19:32:31     all    0.25    0.00    0.50    0.00    0.00    0.00    0.00    0.00    0.00   99.25
19:32:32     all    0.50    0.00    0.75    0.00    0.00    0.00    0.00    0.00    0.00   98.75
19:32:33     all    0.00    0.00    0.50    0.00    0.00    0.00    0.00    0.00    0.00   99.50
19:32:34     all    0.50    0.00    0.75    0.00    0.00    0.00    0.00    0.00    0.00   98.76
19:32:35     all    0.25    0.00    0.75    0.00    0.00    0.00    0.00    0.00    0.00   99.00
19:32:36     all    0.00    0.00    0.75    0.00    0.00    0.00    0.00    0.00    0.00   99.25
19:32:37     all    0.00    0.00    0.50    0.00    0.00    0.00    0.00    0.00    0.00   99.50
19:32:38     all    0.50    0.00    0.50    0.00    0.00    0.00    0.00    0.00    0.00   99.00
19:32:39     all    0.25    0.00    0.75    0.00    0.00    0.00    0.00    0.00    0.00   99.00
19:32:40     all    0.00    0.00    0.25    0.00    0.00    0.00    0.00    0.00    0.00   99.75
19:32:41     all    0.25    0.00    0.75    0.00    0.00    0.00    0.00    0.00    0.00   99.00
19:32:42     all    0.75    0.00    0.50    0.00    0.00    0.00    0.00    0.00    0.00   98.75
19:32:43     all    0.25    0.00    0.75    0.00    0.00    0.00    0.00    0.00    0.00   98.99
19:32:44     all    0.25    0.00    1.00    0.00    0.00    0.00    0.00    0.00    0.00   98.76
19:32:45     all    0.50    0.00    0.25    0.00    0.00    0.00    0.00    0.00    0.00   99.25
19:32:46     all    0.25    0.00    0.50    0.00    0.00    0.00    0.00    0.00    0.00   99.24
19:32:47     all    0.25    0.00    0.50    0.00    0.00    0.00    0.00    0.00    0.00   99.25
19:32:48     all    0.25    0.00    0.75    0.00    0.00    0.00    0.00    0.00    0.00   98.99
19:32:49     all    0.00    0.00    0.25    0.00    0.00    0.25    0.00    0.00    0.00   99.50
19:32:50     all    0.25    0.00    0.75    0.00    0.00    0.00    0.00    0.00    0.00   99.00
19:32:51     all    0.25    0.00    0.50    0.00    0.00    0.00    0.00    0.00    0.00   99.25
19:32:52     all    0.75    0.00    0.75    0.00    0.00    0.00    0.00    0.00    0.00   98.51
19:32:53     all    0.25    0.00    0.25    0.00    0.00    0.00    0.00    0.00    0.00   99.50
19:32:54     all    0.00    0.00    1.00    0.00    0.00    0.00    0.00    0.00    0.00   99.00
19:32:55     all    0.25    0.00    0.50    0.00    0.00    0.00    0.00    0.00    0.00   99.25
19:32:56     all    0.25    0.00    0.50    0.00    0.00    0.00    0.00    0.00    0.00   99.25
19:32:57     all    0.25    0.00    0.50    0.00    0.00    0.00    0.00    0.00    0.00   99.25
19:32:58     all    0.25    0.00    0.50    0.00    0.00    0.00    0.00    0.00    0.00   99.25
19:32:59     all    0.50    0.00    0.50    0.00    0.00    0.00    0.00    0.00    0.00   99.00
19:33:00     all    0.25    0.00    0.50    0.00    0.00    0.00    0.00    0.00    0.00   99.25
19:33:01     all    0.25    0.00    0.75    0.25    0.00    0.00    0.00    0.00    0.00   98.75
19:33:02     all    0.25    0.00    0.75    0.00    0.00    0.00    0.00    0.00    0.00   99.00
19:33:03     all    0.00    0.00    0.25    0.00    0.00    0.00    0.00    0.00    0.00   99.75
19:33:04     all    0.74    0.00    0.99    0.00    0.00    0.00    0.00    0.00    0.00   98.26
19:33:05     all    0.00    0.00    0.25    0.00    0.00    0.00    0.00    0.00    0.00   99.75
19:33:06     all    0.25    0.00    0.75    0.00    0.00    0.00    0.00    0.00    0.00   99.00
19:33:07     all    0.50    0.00    0.50    0.00    0.00    0.00    0.00    0.00    0.00   99.00
19:33:08     all    0.50    0.00    0.50    0.00    0.00    0.00    0.00    0.00    0.00   99.00
19:33:09     all    0.00    0.00    1.00    0.00    0.00    0.00    0.00    0.00    0.00   99.00
19:33:10     all    0.25    0.00    0.25    0.00    0.00    0.00    0.00    0.00    0.00   99.50
19:33:11     all    0.50    0.00    0.75    0.00    0.00    0.00    0.00    0.00    0.00   98.76
19:33:12     all    0.00    0.00    0.50    0.00    0.00    0.00    0.00    0.00    0.00   99.50
19:33:13     all    0.25    0.00    0.50    0.00    0.00    0.00    0.00    0.00    0.00   99.25
19:33:14     all    0.00    0.00    0.75    0.00    0.00    0.00    0.00    0.00    0.00   99.25
19:33:15     all    0.50    0.00    0.74    0.00    0.00    0.00    0.25    0.00    0.00   98.51
19:33:16     all    0.50    0.00    0.50    0.00    0.00    0.00    0.00    0.00    0.00   99.00
19:33:17     all    0.00    0.00    0.50    0.00    0.00    0.00    0.00    0.00    0.00   99.50
19:33:18     all    0.00    0.00    0.50    0.00    0.00    0.00    0.00    0.00    0.00   99.50
19:33:19     all    0.00    0.00    0.50    0.00    0.00    0.00    0.00    0.00    0.00   99.50
19:33:20     all    0.50    0.00    0.50    0.00    0.00    0.00    0.00    0.00    0.00   99.00
19:33:21     all    0.25    0.00    0.25    0.00    0.00    0.00    0.00    0.00    0.00   99.50
19:33:22     all    0.50    0.00    0.50    0.00    0.00    0.00    0.00    0.00    0.00   99.00
19:33:23     all    0.25    0.00    0.75    0.00    0.00    0.00    0.00    0.00    0.00   99.00
19:33:24     all    0.50    0.00    0.50    0.00    0.00    0.00    0.00    0.00    0.00   99.00
19:33:25     all    0.50    0.00    0.75    0.00    0.00    0.00    0.00    0.00    0.00   98.74
19:33:26     all    0.00    0.00    0.75    0.00    0.00    0.00    0.00    0.00    0.00   99.25
19:33:27     all    0.50    0.00    0.25    0.00    0.00    0.00    0.00    0.00    0.00   99.25
19:33:28     all    0.25    0.00    1.24    0.25    0.00    0.00    0.00    0.00    0.00   98.27
19:33:29     all    0.25    0.00    0.50    0.00    0.00    0.00    0.00    0.00    0.00   99.25
19:33:30     all    0.00    0.00    0.75    0.00    0.00    0.00    0.00    0.00    0.00   99.25
19:33:31     all    0.50    0.00    0.25    0.00    0.00    0.00    0.00    0.00    0.00   99.25
19:33:32     all    0.00    0.00    1.00    0.00    0.00    0.00    0.00    0.00    0.00   99.00
19:33:33     all    0.75    0.00    0.25    0.00    0.00    0.00    0.00    0.00    0.00   99.00
19:33:34     all    0.00    0.00    0.75    0.00    0.00    0.00    0.00    0.00    0.00   99.25
19:33:35     all    0.00    0.00    0.75    0.00    0.00    0.00    0.00    0.00    0.00   99.25
19:33:36     all    0.25    0.00    0.50    0.00    0.00    0.00    0.00    0.00    0.00   99.25
19:33:37     all    0.25    0.00    1.00    0.00    0.00    0.00    0.00    0.00    0.00   98.75
19:33:38     all    0.25    0.00    0.50    0.00    0.00    0.00    0.00    0.00    0.00   99.25
19:33:39     all    0.25    0.00    0.50    0.00    0.00    0.00    0.00    0.00    0.00   99.25
19:33:40     all    0.00    0.00    1.00    0.00    0.00    0.00    0.00    0.00    0.00   99.00
19:33:41     all    0.25    0.00    0.50    0.00    0.00    0.00    0.00    0.00    0.00   99.25
19:33:42     all    0.75    0.00    0.25    0.00    0.00    0.00    0.00    0.00    0.00   99.00
19:33:43     all    0.00    0.00    1.00    0.00    0.00    0.00    0.00    0.00    0.00   99.00
19:33:44     all    0.25    0.00    0.50    0.00    0.00    0.00    0.00    0.00    0.00   99.25
19:33:45     all    0.00    0.00    0.50    0.00    0.00    0.00    0.00    0.00    0.00   99.50
19:33:46     all    0.75    0.00    0.50    0.00    0.00    0.00    0.00    0.00    0.00   98.75
19:33:47     all    0.00    0.00    0.50    0.00    0.00    0.00    0.00    0.00    0.00   99.50
19:33:48     all    0.25    0.00    0.50    0.00    0.00    0.00    0.00    0.00    0.00   99.25
19:33:49     all    0.00    0.00    1.00    0.00    0.00    0.00    0.00    0.00    0.00   99.00
19:33:50     all    0.50    0.00    0.75    0.00    0.00    0.00    0.00    0.00    0.00   98.75
19:33:51     all    0.25    0.00    0.25    0.00    0.00    0.00    0.00    0.00    0.00   99.50
19:33:52     all    0.50    0.00    0.50    0.00    0.00    0.00    0.00    0.00    0.00   99.00
19:33:53     all    0.25    0.00    0.75    0.00    0.00    0.00    0.00    0.00    0.00   99.00
19:33:54     all    0.25    0.00    0.50    0.00    0.00    0.00    0.00    0.00    0.00   99.25
19:33:55     all    0.25    0.00    0.75    0.00    0.00    0.00    0.00    0.00    0.00   99.00
19:33:56     all    0.00    0.00    0.50    0.00    0.00    0.00    0.00    0.00    0.00   99.50
19:33:57     all    0.00    0.00    0.25    0.00    0.00    0.00    0.00    0.00    0.00   99.75
19:33:58     all    0.00    0.00    0.75    0.00    0.00    0.00    0.00    0.00    0.00   99.25
19:33:59     all    0.50    0.00    0.50    0.00    0.00    0.00    0.00    0.00    0.00   99.00
19:34:00     all    0.50    0.00    0.75    0.00    0.00    0.00    0.00    0.00    0.00   98.75
19:34:01     all    0.25    0.00    0.50    0.00    0.00    0.00    0.00    0.00    0.00   99.25
19:34:02     all    0.25    0.00    0.50    0.00    0.00    0.00    0.00    0.00    0.00   99.25
19:34:03     all    0.00    0.00    0.75    0.00    0.00    0.00    0.00    0.00    0.00   99.25
19:34:04     all    0.50    0.00    0.50    0.00    0.00    0.00    0.00    0.00    0.00   99.00
19:34:05     all    0.25    0.00    0.50    0.00    0.00    0.00    0.00    0.00    0.00   99.25
19:34:06     all    0.25    0.00    0.75    0.00    0.00    0.00    0.00    0.00    0.00   99.00
19:34:07     all    0.00    0.00    0.75    0.00    0.00    0.00    0.00    0.00    0.00   99.25
19:34:08     all    0.75    0.00    0.25    0.00    0.00    0.00    0.00    0.00    0.00   99.00
19:34:09     all    0.00    0.00    0.75    0.00    0.00    0.00    0.00    0.00    0.00   99.25
19:34:10     all    0.25    0.00    0.50    0.00    0.00    0.00    0.00    0.00    0.00   99.25
19:34:11     all    0.25    0.00    0.75    0.00    0.00    0.00    0.25    0.00    0.00   98.74
19:34:12     all    0.50    0.00    0.99    0.00    0.00    0.00    0.00    0.00    0.00   98.51
19:34:13     all    0.00    0.00    0.50    0.00    0.00    0.00    0.00    0.00    0.00   99.50
19:34:14     all    0.00    0.00    0.25    0.00    0.00    0.00    0.00    0.00    0.00   99.75
19:34:15     all    0.25    0.00    0.75    0.00    0.00    0.00    0.00    0.00    0.00   99.00
19:34:16     all    0.75    0.00    0.50    0.00    0.00    0.00    0.00    0.00    0.00   98.75
19:34:17     all    0.00    0.00    0.75    0.00    0.00    0.00    0.00    0.00    0.00   99.25
19:34:18     all    0.00    0.00    1.00    0.00    0.00    0.00    0.00    0.00    0.00   99.00
19:34:19     all    0.25    0.00    0.25    0.00    0.00    0.00    0.00    0.00    0.00   99.50
19:34:20     all    0.25    0.00    1.00    0.00    0.00    0.00    0.00    0.00    0.00   98.75
19:34:21     all    0.50    0.00    0.25    0.00    0.00    0.00    0.00    0.00    0.00   99.25
19:34:22     all    0.25    0.00    1.00    0.00    0.00    0.00    0.00    0.00    0.00   98.76
19:34:23     all    0.25    0.00    0.25    0.00    0.00    0.00    0.00    0.00    0.00   99.50
19:34:24     all    0.25    0.00    0.50    0.00    0.00    0.00    0.00    0.00    0.00   99.25
19:34:25     all    0.00    0.00    1.25    0.00    0.00    0.00    0.00    0.00    0.00   98.75
19:34:26     all    0.25    0.00    0.25    0.00    0.00    0.00    0.00    0.00    0.00   99.50
19:34:27     all    0.50    0.00    0.75    0.00    0.00    0.00    0.00    0.00    0.00   98.75
19:34:28     all    0.00    0.00    0.75    0.00    0.00    0.00    0.00    0.00    0.00   99.25
19:34:29     all    0.50    0.00    0.75    0.00    0.00    0.00    0.00    0.00    0.00   98.75
19:34:30     all    0.75    0.00    0.50    0.00    0.00    0.00    0.00    0.00    0.00   98.75
19:34:31     all    0.00    0.00    1.00    0.25    0.00    0.00    0.00    0.00    0.00   98.75
19:34:32     all    0.25    0.00    0.25    0.00    0.00    0.00    0.00    0.00    0.00   99.50
19:34:33     all    0.25    0.00    0.75    0.00    0.00    0.00    0.00    0.00    0.00   99.00
19:34:34     all    0.50    0.00    0.25    0.00    0.00    0.00    0.00    0.00    0.00   99.25
19:34:35     all    0.25    0.00    0.50    0.00    0.00    0.00    0.00    0.00    0.00   99.25
19:34:36     all    0.00    0.00    0.25    0.00    0.00    0.00    0.00    0.00    0.00   99.75
19:34:37     all    0.25    0.00    0.75    0.00    0.00    0.00    0.00    0.00    0.00   99.00
19:34:38     all    0.25    0.00    0.50    0.00    0.00    0.00    0.00    0.00    0.00   99.25
19:34:39     all    0.25    0.00    1.00    0.00    0.00    0.00    0.00    0.00    0.00   98.75
19:34:40     all    0.25    0.00    0.50    0.00    0.00    0.00    0.00    0.00    0.00   99.25
19:34:41     all    0.25    0.00    0.25    0.00    0.00    0.00    0.00    0.00    0.00   99.50
19:34:42     all    0.25    0.00    1.00    0.00    0.00    0.00    0.00    0.00    0.00   98.76
19:34:43     all    0.25    0.00    0.50    0.00    0.00    0.00    0.00    0.00    0.00   99.25
19:34:44     all    0.25    0.00    0.50    0.00    0.00    0.00    0.00    0.00    0.00   99.25
19:34:45     all    0.50    0.00    0.75    0.00    0.00    0.00    0.00    0.00    0.00   98.75
19:34:46     all    0.00    0.00    0.50    0.00    0.00    0.00    0.00    0.00    0.00   99.50
19:34:47     all    0.50    0.00    0.50    0.00    0.00    0.00    0.00    0.00    0.00   99.00
19:34:48     all    0.25    0.00    0.75    0.00    0.00    0.00    0.00    0.00    0.00   99.00
19:34:49     all    0.00    0.00    0.75    0.00    0.00    0.00    0.00    0.00    0.00   99.25
19:34:50     all    0.25    0.00    0.75    0.25    0.00    0.00    0.00    0.00    0.00   98.76
19:34:51     all    0.25    0.00    0.50    0.00    0.00    0.00    0.00    0.00    0.00   99.24
19:34:52     all    0.25    0.00    0.50    0.00    0.00    0.00    0.00    0.00    0.00   99.25
19:34:53     all    0.00    0.00    0.75    0.00    0.00    0.00    0.00    0.00    0.00   99.25
19:34:54     all    0.50    0.00    0.99    0.00    0.00    0.00    0.00    0.00    0.00   98.51
19:34:55     all    0.25    0.00    0.25    0.00    0.00    0.00    0.00    0.00    0.00   99.50
19:34:56     all    0.25    0.00    0.50    0.00    0.00    0.00    0.00    0.00    0.00   99.25
19:34:57     all    0.25    0.00    1.00    0.00    0.00    0.00    0.00    0.00    0.00   98.75
19:34:58     all    0.00    0.00    0.75    0.00    0.00    0.00    0.00    0.00    0.00   99.25
19:34:59     all    0.50    0.00    0.50    0.00    0.00    0.00    0.00    0.00    0.00   99.00
19:35:00     all    0.00    0.00    0.50    0.00    0.00    0.00    0.00    0.00    0.00   99.50
19:35:01     all    0.25    0.00    1.24    0.00    0.00    0.00    0.00    0.00    0.00   98.51
19:35:02     all    0.25    0.00    0.50    0.00    0.00    0.00    0.00    0.00    0.00   99.24
19:35:03     all    0.25    0.00    0.75    0.00    0.00    0.00    0.00    0.00    0.00   99.00
19:35:04     all    0.25    0.00    0.50    0.00    0.00    0.00    0.00    0.00    0.00   99.25
19:35:05     all    0.50    0.00    0.75    0.00    0.00    0.00    0.00    0.00    0.00   98.75
19:35:06     all    0.00    0.00    0.75    0.00    0.00    0.00    0.00    0.00    0.00   99.25
19:35:07     all    0.00    0.00    0.50    0.00    0.00    0.00    0.00    0.00    0.00   99.50
19:35:08     all    0.25    0.00    0.75    0.00    0.00    0.00    0.00    0.00    0.00   99.00
19:35:09     all    0.25    0.00    0.50    0.00    0.00    0.00    0.00    0.00    0.00   99.25
19:35:10     all    0.50    0.00    0.75    0.00    0.00    0.00    0.00    0.00    0.00   98.75
19:35:11     all    0.00    0.00    0.50    0.00    0.00    0.00    0.00    0.00    0.00   99.50
19:35:12     all    0.25    0.00    0.75    0.00    0.00    0.00    0.00    0.00    0.00   99.00
19:35:13     all    0.00    0.00    0.00    0.00    0.00    0.00    0.00    0.00    0.00  100.00
19:35:14     all    0.50    0.00    0.75    0.00    0.00    0.00    0.00    0.00    0.00   98.76
19:35:15     all    0.25    0.00    0.50    0.00    0.00    0.00    0.00    0.00    0.00   99.25
19:35:16     all    0.25    0.00    0.75    0.00    0.00    0.00    0.00    0.00    0.00   99.00
19:35:17     all    0.00    0.00    0.25    0.00    0.00    0.25    0.00    0.00    0.00   99.50
19:35:18     all    0.50    0.00    0.75    0.00    0.00    0.00    0.00    0.00    0.00   98.75
19:35:19     all    0.00    0.00    0.75    0.00    0.00    0.00    0.00    0.00    0.00   99.25
19:35:20     all    0.25    0.00    0.75    0.00    0.00    0.00    0.00    0.00    0.00   99.00
19:35:21     all    0.25    0.00    0.50    0.00    0.00    0.00    0.00    0.00    0.00   99.25
19:35:22     all    0.25    0.00    1.00    0.00    0.00    0.00    0.00    0.00    0.00   98.75
19:35:23     all    0.00    0.00    0.25    0.00    0.00    0.00    0.00    0.00    0.00   99.75
19:35:24     all    0.50    0.00    0.50    0.00    0.00    0.25    0.00    0.00    0.00   98.75
19:35:25     all    0.75    0.00    1.00    0.00    0.00    0.00    0.00    0.00    0.00   98.25
19:35:26     all    0.25    0.00    0.50    0.00    0.00    0.00    0.00    0.00    0.00   99.25
19:35:27     all    0.25    0.00    0.75    0.00    0.00    0.00    0.00    0.00    0.00   99.00
19:35:28     all    0.25    0.00    0.50    0.00    0.00    0.00    0.00    0.00    0.00   99.25
19:35:29     all    0.50    0.00    0.25    0.00    0.00    0.00    0.00    0.00    0.00   99.25
19:35:30     all    0.00    0.00    1.00    0.00    0.00    0.00    0.00    0.00    0.00   99.00
19:35:31     all    0.50    0.00    0.50    0.50    0.00    0.00    0.00    0.00    0.00   98.51
19:35:32     all    0.50    0.00    0.25    0.00    0.00    0.00    0.00    0.00    0.00   99.24
19:35:33     all    0.00    0.00    1.00    0.00    0.00    0.00    0.00    0.00    0.00   99.00
19:35:34     all    0.50    0.00    0.50    0.00    0.00    0.00    0.00    0.00    0.00   99.00
19:35:35     all    0.00    0.00    0.50    0.00    0.00    0.00    0.00    0.00    0.00   99.50
19:35:36     all    0.50    0.00    0.50    0.00    0.00    0.00    0.00    0.00    0.00   99.00
19:35:37     all    0.50    0.00    0.75    0.00    0.00    0.00    0.00    0.00    0.00   98.75
19:35:38     all    0.00    0.00    0.25    0.00    0.00    0.00    0.00    0.00    0.00   99.75
19:35:39     all    0.25    0.00    1.00    0.00    0.00    0.00    0.00    0.00    0.00   98.76
19:35:40     all    0.25    0.00    0.50    0.00    0.00    0.00    0.00    0.00    0.00   99.25
19:35:41     all    0.50    0.00    0.50    0.00    0.00    0.00    0.00    0.00    0.00   99.00
19:35:42     all    0.00    0.00    0.75    0.00    0.00    0.00    0.00    0.00    0.00   99.25
19:35:43     all    0.50    0.00    0.25    0.00    0.00    0.00    0.00    0.00    0.00   99.25
19:35:44     all    0.00    0.00    0.75    0.00    0.00    0.00    0.00    0.00    0.00   99.25
19:35:45     all    0.50    0.00    1.00    0.00    0.00    0.00    0.00    0.00    0.00   98.50
19:35:46     all    0.25    0.00    0.25    0.00    0.00    0.00    0.00    0.00    0.00   99.50
19:35:47     all    0.25    0.00    0.75    0.00    0.00    0.00    0.00    0.00    0.00   98.99
19:35:48     all    0.25    0.00    0.75    0.00    0.00    0.00    0.00    0.00    0.00   99.00
19:35:49     all    0.25    0.00    0.50    0.00    0.00    0.00    0.00    0.00    0.00   99.25
19:35:50     all    0.00    0.00    0.75    0.00    0.00    0.00    0.00    0.00    0.00   99.25
19:35:51     all    0.00    0.00    0.00    0.00    0.00    0.00    0.00    0.00    0.00  100.00
19:35:52     all    0.25    0.00    0.75    0.00    0.00    0.00    0.00    0.00    0.00   99.00
19:35:53     all    0.00    0.00    0.50    0.00    0.00    0.00    0.00    0.00    0.00   99.50
19:35:54     all    0.50    0.00    0.99    0.00    0.00    0.00    0.00    0.00    0.00   98.51
19:35:55     all    0.25    0.00    0.25    0.00    0.00    0.00    0.00    0.00    0.00   99.50
19:35:56     all    0.25    0.00    0.50    0.00    0.00    0.00    0.00    0.00    0.00   99.25
19:35:57     all    0.00    0.00    0.75    0.00    0.00    0.00    0.00    0.00    0.00   99.25
19:35:58     all    0.50    0.00    0.50    0.00    0.00    0.00    0.00    0.00    0.00   99.00
19:35:59     all    0.00    0.00    0.75    0.00    0.00    0.00    0.00    0.00    0.00   99.25
19:36:00     all    0.50    0.00    0.50    0.00    0.00    0.00    0.00    0.00    0.00   99.00
19:36:01     all    0.25    0.00    0.75    0.00    0.00    0.00    0.00    0.00    0.00   99.00
19:36:02     all    0.25    0.00    1.00    0.00    0.00    0.00    0.00    0.00    0.00   98.75
19:36:03     all    0.00    0.00    0.25    0.00    0.00    0.00    0.00    0.00    0.00   99.75
19:36:04     all    0.50    0.00    0.75    0.00    0.00    0.00    0.25    0.00    0.00   98.50
19:36:05     all    0.50    0.00    1.00    0.00    0.00    0.00    0.00    0.00    0.00   98.51
19:36:06     all    0.00    0.00    0.50    0.00    0.00    0.00    0.00    0.00    0.00   99.50
19:36:07     all    0.00    0.00    0.50    0.00    0.00    0.00    0.00    0.00    0.00   99.50
19:36:08     all    0.75    0.00    0.75    0.00    0.00    0.00    0.00    0.00    0.00   98.50
19:36:09     all    0.00    0.00    0.75    0.00    0.00    0.00    0.00    0.00    0.00   99.25
19:36:10     all    0.00    0.00    0.50    0.00    0.00    0.00    0.00    0.00    0.00   99.50
19:36:11     all    0.50    0.00    1.00    0.00    0.00    0.00    0.00    0.00    0.00   98.50
19:36:12     all    0.00    0.00    0.00    0.00    0.00    0.00    0.00    0.00    0.00  100.00
19:36:13     all    0.25    0.00    0.75    0.00    0.00    0.00    0.00    0.00    0.00   99.00
19:36:14     all    0.25    0.00    0.75    0.00    0.00    0.00    0.00    0.00    0.00   99.00
19:36:15     all    1.00    0.00    0.75    0.00    0.00    0.00    0.00    0.00    0.00   98.25
19:36:16     all    0.25    0.00    0.50    0.00    0.00    0.00    0.00    0.00    0.00   99.25
19:36:17     all    0.00    0.00    0.75    0.00    0.00    0.00    0.00    0.00    0.00   99.25
19:36:18     all    0.25    0.00    0.50    0.00    0.00    0.00    0.00    0.00    0.00   99.25
19:36:19     all    0.50    0.00    0.75    0.25    0.00    0.00    0.00    0.00    0.00   98.51
19:36:20     all    0.50    0.00    0.74    0.00    0.00    0.00    0.25    0.00    0.00   98.51
19:36:21     all    0.25    0.00    0.25    0.00    0.00    0.00    0.00    0.00    0.00   99.50
19:36:22     all    0.00    0.00    0.75    0.00    0.00    0.00    0.25    0.00    0.00   99.00
19:36:23     all    0.25    0.00    0.75    0.00    0.00    0.00    0.00    0.00    0.00   99.00
19:36:24     all    0.25    0.00    0.75    0.00    0.00    0.00    0.00    0.00    0.00   99.00
19:36:25     all    0.00    0.00    0.50    0.00    0.00    0.00    0.00    0.00    0.00   99.50
19:36:26     all    0.25    0.00    0.75    0.00    0.00    0.00    0.00    0.00    0.00   99.00
19:36:27     all    0.50    0.00    0.75    0.00    0.00    0.00    0.00    0.00    0.00   98.75
19:36:28     all    0.00    0.00    0.25    0.00    0.00    0.00    0.00    0.00    0.00   99.75
19:36:29     all    0.25    0.00    0.00    0.00    0.00    0.00    0.00    0.00    0.00   99.75
19:36:30     all    0.25    0.00    1.00    0.00    0.00    0.00    0.00    0.00    0.00   98.76
19:36:31     all    0.50    0.00    0.50    0.00    0.00    0.00    0.00    0.00    0.00   99.00
19:36:32     all    0.00    0.00    0.75    0.00    0.00    0.00    0.00    0.00    0.00   99.25
19:36:33     all    0.00    0.00    0.50    0.00    0.00    0.00    0.00    0.00    0.00   99.50
19:36:34     all    0.50    0.00    0.75    0.00    0.00    0.00    0.00    0.00    0.00   98.75
19:36:35     all    0.00    0.00    0.75    0.00    0.00    0.00    0.00    0.00    0.00   99.25
19:36:36     all    0.25    0.00    0.50    0.00    0.00    0.00    0.00    0.00    0.00   99.25
19:36:37     all    0.50    0.00    1.00    0.00    0.00    0.00    0.00    0.00    0.00   98.50
19:36:38     all    0.00    0.00    0.50    0.00    0.00    0.00    0.00    0.00    0.00   99.50
19:36:39     all    0.25    0.00    0.75    0.00    0.00    0.00    0.00    0.00    0.00   99.00
19:36:40     all    0.25    0.00    0.50    0.00    0.00    0.00    0.00    0.00    0.00   99.25
19:36:41     all    0.50    0.00    0.50    0.00    0.00    0.00    0.00    0.00    0.00   99.00
19:36:42     all    0.00    0.00    0.75    0.00    0.00    0.00    0.00    0.00    0.00   99.25
19:36:43     all    0.25    0.00    0.75    0.00    0.00    0.00    0.00    0.00    0.00   99.00
19:36:44     all    0.75    0.00    0.00    0.00    0.00    0.00    0.00    0.00    0.00   99.25
19:36:45     all    0.00    0.00    0.75    0.00    0.00    0.00    0.00    0.00    0.00   99.25
19:36:46     all    0.00    0.00    0.75    0.00    0.00    0.00    0.00    0.00    0.00   99.25
19:36:47     all    0.50    0.00    0.50    0.00    0.00    0.00    0.00    0.00    0.00   99.00
19:36:48     all    0.00    0.00    0.50    0.00    0.00    0.00    0.00    0.00    0.00   99.50
19:36:49     all    0.25    0.00    1.00    0.00    0.00    0.00    0.00    0.00    0.00   98.76
19:36:50     all    0.50    0.00    0.50    0.00    0.00    0.00    0.00    0.00    0.00   99.00
19:36:51     all    0.00    0.00    0.75    0.00    0.00    0.00    0.00    0.00    0.00   99.25
19:36:52     all    0.25    0.00    0.75    0.00    0.00    0.00    0.00    0.00    0.00   99.00
19:36:53     all    0.25    0.00    0.50    0.00    0.00    0.00    0.00    0.00    0.00   99.25
19:36:54     all    0.50    0.00    0.50    0.00    0.00    0.00    0.00    0.00    0.00   99.00
19:36:55     all    0.25    0.00    0.75    0.00    0.00    0.00    0.00    0.00    0.00   99.00
19:36:56     all    0.50    0.00    0.50    0.00    0.00    0.00    0.00    0.00    0.00   99.00
19:36:57     all    0.25    0.00    1.00    0.00    0.00    0.00    0.00    0.00    0.00   98.75
19:36:58     all    0.25    0.00    0.25    0.00    0.00    0.00    0.00    0.00    0.00   99.50
19:36:59     all    0.00    0.00    0.50    0.00    0.00    0.00    0.00    0.00    0.00   99.50
19:37:00     all    0.25    0.00    0.50    0.25    0.00    0.00    0.00    0.00    0.00   99.00
19:37:01     all    0.50    0.00    0.75    0.00    0.00    0.00    0.00    0.00    0.00   98.75
19:37:02     all    0.25    0.00    0.75    0.00    0.00    0.00    0.00    0.00    0.00   99.00
19:37:03     all    0.25    0.00    0.75    0.00    0.00    0.00    0.00    0.00    0.00   99.00
19:37:04     all    0.00    0.00    0.50    0.00    0.00    0.00    0.00    0.00    0.00   99.50
19:37:05     all    0.50    0.00    0.50    0.00    0.00    0.00    0.00    0.00    0.00   99.00
19:37:06     all    0.00    0.00    0.75    0.00    0.00    0.00    0.00    0.00    0.00   99.25
19:37:07     all    0.00    0.00    0.00    0.00    0.00    0.00    0.00    0.00    0.00  100.00
19:37:08     all    0.50    0.00    0.50    0.00    0.00    0.00    0.00    0.00    0.00   99.00
19:37:09     all    0.00    0.00    0.50    0.00    0.00    0.00    0.00    0.00    0.00   99.50
19:37:10     all    0.25    0.00    0.75    0.00    0.00    0.00    0.00    0.00    0.00   99.00
19:37:11     all    0.74    0.00    0.74    0.00    0.00    0.00    0.00    0.00    0.00   98.51
19:37:12     all    0.00    0.00    1.00    0.00    0.00    0.00    0.00    0.00    0.00   99.00
19:37:13     all    0.25    0.00    0.50    0.00    0.00    0.00    0.00    0.00    0.00   99.25
19:37:14     all    0.25    0.00    0.50    0.00    0.00    0.00    0.00    0.00    0.00   99.25
19:37:15     all    0.00    0.00    1.00    0.00    0.00    0.00    0.00    0.00    0.00   99.00
19:37:16     all    0.50    0.00    0.50    0.00    0.00    0.00    0.00    0.00    0.00   99.00
19:37:17     all    0.00    0.00    0.50    0.00    0.00    0.25    0.00    0.00    0.00   99.25
19:37:18     all    0.50    0.00    0.25    0.00    0.00    0.00    0.00    0.00    0.00   99.25
19:37:19     all    0.25    0.00    0.99    0.00    0.00    0.00    0.00    0.00    0.00   98.76
19:37:20     all    0.25    0.00    0.50    0.00    0.00    0.00    0.00    0.00    0.00   99.24
19:37:21     all    0.50    0.00    0.74    0.00    0.00    0.00    0.00    0.00    0.00   98.76
19:37:22     all    0.00    0.00    0.51    0.00    0.00    0.00    0.00    0.00    0.00   99.49
19:37:23     all    0.00    0.00    0.75    0.00    0.00    0.00    0.00    0.00    0.00   99.25
19:37:24     all    0.50    0.00    0.25    0.00    0.00    0.00    0.00    0.00    0.00   99.25
19:37:25     all    0.75    0.00    1.25    0.00    0.00    0.00    0.00    0.00    0.00   97.99
19:37:26     all    0.25    0.00    0.75    0.00    0.00    0.00    0.00    0.00    0.00   99.00
19:37:27     all    0.00    0.00    0.50    0.00    0.00    0.00    0.00    0.00    0.00   99.50
19:37:28     all    0.25    0.00    0.50    0.00    0.00    0.00    0.00    0.00    0.00   99.25
19:37:29     all    0.25    0.00    0.75    0.00    0.00    0.00    0.00    0.00    0.00   99.00
19:37:30     all    0.50    0.00    0.50    0.00    0.00    0.00    0.00    0.00    0.00   99.00
19:37:31     all    0.25    0.00    0.75    0.00    0.00    0.00    0.00    0.00    0.00   99.00
19:37:32     all    0.00    0.00    0.50    0.00    0.00    0.00    0.00    0.00    0.00   99.50
19:37:33     all    0.25    0.00    0.50    0.00    0.00    0.00    0.00    0.00    0.00   99.25
19:37:34     all    0.50    0.00    0.75    0.00    0.00    0.00    0.00    0.00    0.00   98.75
19:37:35     all    0.00    0.00    0.50    0.00    0.00    0.00    0.00    0.00    0.00   99.50
19:37:36     all    0.50    0.00    0.75    0.00    0.00    0.00    0.00    0.00    0.00   98.75
19:37:37     all    0.25    0.00    0.75    0.00    0.00    0.00    0.00    0.00    0.00   99.00
19:37:38     all    0.50    0.00    0.75    0.00    0.00    0.00    0.00    0.00    0.00   98.75
19:37:39     all    0.00    0.00    0.50    0.00    0.00    0.00    0.00    0.00    0.00   99.50
19:37:40     all    0.75    0.00    0.50    0.00    0.00    0.00    0.00    0.00    0.00   98.75
19:37:41     all    0.00    0.00    1.00    0.00    0.00    0.00    0.00    0.00    0.00   99.00
19:37:42     all    0.25    0.00    0.75    0.00    0.00    0.00    0.00    0.00    0.00   98.99
19:37:43     all    0.25    0.00    0.25    0.00    0.00    0.00    0.00    0.00    0.00   99.50
19:37:44     all    0.00    0.00    0.50    0.00    0.00    0.00    0.00    0.00    0.00   99.50
19:37:45     all    0.00    0.00    0.25    0.25    0.00    0.00    0.00    0.00    0.00   99.50
19:37:46     all    0.50    0.00    0.25    0.00    0.00    0.00    0.00    0.00    0.00   99.25
19:37:47     all    0.25    0.00    0.75    0.00    0.00    0.00    0.00    0.00    0.00   99.00
19:37:48     all    0.00    0.00    0.75    0.00    0.00    0.25    0.00    0.00    0.00   99.00
19:37:49     all    0.50    0.00    0.50    0.00    0.00    0.00    0.00    0.00    0.00   99.00
19:37:50     all    0.50    0.00    0.50    0.00    0.00    0.00    0.00    0.00    0.00   99.00
19:37:51     all    0.25    0.00    0.50    0.00    0.00    0.00    0.00    0.00    0.00   99.25
19:37:52     all    0.00    0.00    1.25    0.00    0.00    0.00    0.00    0.00    0.00   98.75
19:37:53     all    0.00    0.00    0.25    0.00    0.00    0.00    0.00    0.00    0.00   99.75
19:37:54     all    0.50    0.00    0.75    0.25    0.00    0.00    0.25    0.00    0.00   98.26
19:37:55     all    0.25    0.00    0.50    0.00    0.00    0.00    0.00    0.00    0.00   99.25
19:37:56     all    0.25    0.00    0.75    0.00    0.00    0.00    0.00    0.00    0.00   99.00
19:37:57     all    0.25    0.00    0.75    0.00    0.00    0.00    0.00    0.00    0.00   99.00
19:37:58     all    0.25    0.00    0.75    0.00    0.00    0.00    0.00    0.00    0.00   99.00
19:37:59     all    0.25    0.00    0.25    0.00    0.00    0.00    0.00    0.00    0.00   99.50
19:38:00     all    0.50    0.00    1.00    0.00    0.00    0.00    0.00    0.00    0.00   98.51
19:38:01     all    0.25    0.00    0.25    0.00    0.00    0.00    0.00    0.00    0.00   99.50
19:38:02     all    0.25    0.00    0.75    0.00    0.00    0.00    0.00    0.00    0.00   99.00
19:38:03     all    0.25    0.00    0.50    0.00    0.00    0.00    0.00    0.00    0.00   99.25
19:38:04     all    0.00    0.00    1.00    0.00    0.00    0.00    0.00    0.00    0.00   99.00
19:38:05     all    0.75    0.00    0.50    0.00    0.00    0.00    0.00    0.00    0.00   98.75
19:38:06     all    0.50    0.00    0.75    0.00    0.00    0.00    0.00    0.00    0.00   98.75
19:38:07     all    0.25    0.00    1.00    0.00    0.00    0.00    0.00    0.00    0.00   98.75
19:38:08     all    0.50    0.00    0.50    0.00    0.00    0.00    0.00    0.00    0.00   99.00
19:38:09     all    0.50    0.00    0.50    0.00    0.00    0.00    0.00    0.00    0.00   99.00
19:38:10     all    0.50    0.00    0.75    0.00    0.00    0.00    0.00    0.00    0.00   98.76
19:38:11     all    0.25    0.00    1.00    0.00    0.00    0.00    0.00    0.00    0.00   98.75
19:38:12     all    0.00    0.00    0.50    0.00    0.00    0.00    0.00    0.00    0.00   99.50
19:38:13     all    0.25    0.00    0.75    0.00    0.00    0.00    0.00    0.00    0.00   99.00
19:38:14     all    0.00    0.00    0.75    0.00    0.00    0.00    0.00    0.00    0.00   99.25
19:38:15     all    0.50    0.00    0.50    0.50    0.00    0.00    0.00    0.00    0.00   98.50
19:38:16     all    0.00    0.00    0.50    0.00    0.00    0.00    0.00    0.00    0.00   99.50
19:38:17     all    0.50    0.00    0.50    0.00    0.00    0.00    0.00    0.00    0.00   99.00
19:38:18     all    0.25    0.00    0.75    0.00    0.00    0.00    0.00    0.00    0.00   99.00
19:38:19     all    0.00    0.00    0.75    0.00    0.00    0.00    0.00    0.00    0.00   99.25
19:38:20     all    0.75    0.00    0.50    0.00    0.00    0.00    0.00    0.00    0.00   98.75
19:38:21     all    0.00    0.00    0.50    0.00    0.00    0.25    0.00    0.00    0.00   99.25
19:38:22     all    0.00    0.00    0.75    0.00    0.00    0.00    0.00    0.00    0.00   99.25
19:38:23     all    0.00    0.00    0.00    0.00    0.00    0.00    0.00    0.00    0.00  100.00
19:38:24     all    0.50    0.00    0.25    0.00    0.00    0.00    0.00    0.00    0.00   99.25
19:38:25     all    0.50    0.00    0.75    0.00    0.00    0.00    0.00    0.00    0.00   98.75
19:38:26     all    0.25    0.00    0.75    0.00    0.00    0.00    0.00    0.00    0.00   99.00
19:38:27     all    0.25    0.00    0.50    0.00    0.00    0.00    0.00    0.00    0.00   99.25
19:38:28     all    0.00    0.00    0.50    0.00    0.00    0.00    0.00    0.00    0.00   99.50
19:38:29     all    0.50    0.00    0.50    0.00    0.00    0.00    0.00    0.00    0.00   99.00
19:38:30     all    0.25    0.00    0.75    0.00    0.00    0.00    0.00    0.00    0.00   99.00
19:38:31     all    0.25    0.00    0.50    0.00    0.00    0.00    0.00    0.00    0.00   99.25
19:38:32     all    0.50    0.00    0.75    0.00    0.00    0.00    0.00    0.00    0.00   98.75
19:38:33     all    0.00    0.00    0.25    0.00    0.00    0.00    0.00    0.00    0.00   99.75
19:38:34     all    0.25    0.00    1.00    0.00    0.00    0.00    0.00    0.00    0.00   98.76
19:38:35     all    0.50    0.00    0.25    0.00    0.00    0.00    0.00    0.00    0.00   99.25
19:38:36     all    0.50    0.00    0.75    0.00    0.00    0.00    0.00    0.00    0.00   98.76
19:38:37     all    0.00    0.00    0.50    0.00    0.00    0.00    0.00    0.00    0.00   99.50
19:38:38     all    0.25    0.00    0.25    0.00    0.00    0.00    0.00    0.00    0.00   99.50
19:38:39     all    0.25    0.00    0.75    0.00    0.00    0.00    0.00    0.00    0.00   99.00
19:38:40     all    0.25    0.00    0.75    0.00    0.00    0.00    0.00    0.00    0.00   99.00
19:38:41     all    0.25    0.00    0.25    0.00    0.00    0.00    0.00    0.00    0.00   99.50
19:38:42     all    0.00    0.00    1.00    0.00    0.00    0.00    0.00    0.00    0.00   99.00
19:38:43     all    0.74    0.00    0.74    0.00    0.00    0.00    0.00    0.00    0.00   98.51
19:38:44     all    0.00    0.00    0.51    0.00    0.00    0.00    0.00    0.00    0.00   99.49
19:38:45     all    0.25    0.00    0.75    0.00    0.00    0.00    0.00    0.00    0.00   99.00
19:38:46     all    0.50    0.00    0.50    0.00    0.00    0.00    0.00    0.00    0.00   99.00
19:38:47     all    0.00    0.00    1.00    0.00    0.00    0.00    0.00    0.00    0.00   99.00
19:38:48     all    0.25    0.00    0.50    0.00    0.00    0.00    0.00    0.00    0.00   99.25
19:38:49     all    0.25    0.00    0.50    0.00    0.00    0.00    0.00    0.00    0.00   99.25
19:38:50     all    0.50    0.00    0.50    0.00    0.00    0.25    0.00    0.00    0.00   98.75
19:38:51     all    0.50    0.00    0.75    0.00    0.00    0.00    0.00    0.00    0.00   98.75
19:38:52     all    0.00    0.00    0.25    0.00    0.00    0.00    0.00    0.00    0.00   99.75
19:38:53     all    0.25    0.00    0.75    0.00    0.00    0.00    0.00    0.00    0.00   99.00
19:38:54     all    0.25    0.00    1.00    0.00    0.00    0.00    0.00    0.00    0.00   98.75
19:38:55     all    0.25    0.00    0.50    0.00    0.00    0.00    0.00    0.00    0.00   99.25
19:38:56     all    0.25    0.00    0.75    0.00    0.00    0.00    0.00    0.00    0.00   99.00
19:38:57     all    0.25    0.00    0.50    0.00    0.00    0.00    0.00    0.00    0.00   99.25
19:38:58     all    0.00    0.00    0.76    0.00    0.00    0.00    0.00    0.00    0.00   99.24
19:38:59     all    0.25    0.00    0.25    0.00    0.00    0.00    0.00    0.00    0.00   99.50
19:39:00     all    0.25    0.00    0.75    0.00    0.00    0.00    0.00    0.00    0.00   99.00
19:39:01     all    0.00    0.00    0.50    0.00    0.00    0.00    0.00    0.00    0.00   99.50
19:39:02     all    0.00    0.00    0.25    0.00    0.00    0.00    0.00    0.00    0.00   99.75
19:39:03     all    0.50    0.00    0.75    0.00    0.00    0.00    0.00    0.00    0.00   98.75
19:39:04     all    0.00    0.00    0.50    0.00    0.00    0.00    0.00    0.00    0.00   99.50
19:39:05     all    0.25    0.00    0.50    0.00    0.00    0.00    0.00    0.00    0.00   99.25
19:39:06     all    0.25    0.00    1.25    0.00    0.00    0.00    0.00    0.00    0.00   98.50
19:39:07     all    0.50    0.00    0.00    0.00    0.00    0.00    0.00    0.00    0.00   99.50
19:39:08     all    0.00    0.00    1.00    0.00    0.00    0.00    0.00    0.00    0.00   99.00
19:39:09     all    0.50    0.00    0.50    0.00    0.00    0.00    0.00    0.00    0.00   99.00
19:39:10     all    0.00    0.00    0.75    0.00    0.00    0.00    0.00    0.00    0.00   99.25
19:39:11     all    0.00    0.00    0.50    0.00    0.00    0.00    0.00    0.00    0.00   99.50
19:39:12     all    0.50    0.00    1.00    0.00    0.00    0.00    0.00    0.00    0.00   98.51
19:39:13     all    0.50    0.00    0.50    0.00    0.00    0.00    0.00    0.00    0.00   99.00
19:39:14     all    0.25    0.00    0.50    0.00    0.00    0.00    0.00    0.00    0.00   99.25
19:39:15     all    0.25    0.00    0.50    0.00    0.00    0.00    0.00    0.00    0.00   99.25
19:39:16     all    0.00    0.00    0.75    0.00    0.00    0.00    0.00    0.00    0.00   99.25
19:39:17     all    0.50    0.00    0.50    0.00    0.00    0.00    0.00    0.00    0.00   99.00
19:39:18     all    0.25    0.00    1.00    0.00    0.00    0.00    0.00    0.00    0.00   98.75
19:39:19     all    0.25    0.00    0.25    0.00    0.00    0.00    0.00    0.00    0.00   99.50
19:39:20     all    0.50    0.00    0.50    0.00    0.00    0.00    0.00    0.00    0.00   99.00
19:39:21     all    0.25    0.00    0.50    0.00    0.00    0.00    0.00    0.00    0.00   99.25
19:39:22     all    0.00    0.00    0.75    0.00    0.00    0.00    0.00    0.00    0.00   99.25
19:39:23     all    0.25    0.00    0.50    0.00    0.00    0.00    0.00    0.00    0.00   99.25
19:39:24     all    0.25    0.00    0.75    0.00    0.00    0.00    0.00    0.00    0.00   99.00
19:39:25     all    0.50    0.00    1.25    0.00    0.00    0.00    0.00    0.00    0.00   98.25
19:39:26     all    0.50    0.00    0.50    0.00    0.00    0.00    0.00    0.00    0.00   98.99
19:39:27     all    0.25    0.00    0.25    0.00    0.00    0.00    0.00    0.00    0.00   99.50
19:39:28     all    0.74    0.00    0.99    0.00    0.00    0.00    0.00    0.00    0.00   98.26
19:39:29     all    0.00    0.00    0.75    0.00    0.00    0.00    0.00    0.00    0.00   99.25
19:39:30     all    0.00    0.00    0.25    0.00    0.00    0.00    0.00    0.00    0.00   99.75
19:39:31     all    0.00    0.00    0.75    0.00    0.00    0.00    0.00    0.00    0.00   99.25
19:39:32     all    0.75    0.00    0.50    0.00    0.00    0.00    0.00    0.00    0.00   98.75
19:39:33     all    0.25    0.00    0.75    0.00    0.00    0.00    0.00    0.00    0.00   99.00
19:39:34     all    0.25    0.00    0.50    0.00    0.00    0.00    0.00    0.00    0.00   99.25
19:39:35     all    0.25    0.00    0.50    0.00    0.00    0.00    0.00    0.00    0.00   99.25
19:39:36     all    0.00    0.00    0.75    0.00    0.00    0.00    0.00    0.00    0.00   99.25
19:39:37     all    0.25    0.00    0.75    0.00    0.00    0.00    0.00    0.00    0.00   99.00
19:39:38     all    0.50    0.00    0.50    0.00    0.00    0.00    0.00    0.00    0.00   99.00
19:39:39     all    0.25    0.00    0.25    0.00    0.00    0.00    0.00    0.00    0.00   99.50
19:39:40     all    0.00    0.00    0.50    0.00    0.00    0.00    0.00    0.00    0.00   99.50
19:39:41     all    0.25    0.00    0.75    0.00    0.00    0.00    0.00    0.00    0.00   99.00
19:39:42     all    0.25    0.00    0.50    0.00    0.00    0.00    0.00    0.00    0.00   99.25
19:39:43     all    0.00    0.00    0.50    0.00    0.00    0.00    0.00    0.00    0.00   99.50
19:39:44     all    0.99    0.00    0.74    0.00    0.00    0.00    0.00    0.00    0.00   98.26
19:39:45     all    0.00    0.00    0.50    0.00    0.00    0.00    0.00    0.00    0.00   99.50
19:39:46     all    0.25    0.00    0.25    0.25    0.00    0.00    0.00    0.00    0.00   99.24
19:39:47     all    0.25    0.00    1.24    0.00    0.00    0.00    0.00    0.00    0.00   98.51
19:39:48     all    0.00    0.00    0.50    0.00    0.00    0.00    0.00    0.00    0.00   99.50
19:39:49     all    0.25    0.00    0.50    0.00    0.00    0.00    0.00    0.00    0.00   99.25
19:39:50     all    0.25    0.00    0.75    0.00    0.00    0.00    0.00    0.00    0.00   99.00
19:39:51     all    0.25    0.00    0.75    0.00    0.00    0.00    0.00    0.00    0.00   99.00
19:39:52     all    0.25    0.00    0.50    0.00    0.00    0.00    0.00    0.00    0.00   99.25
19:39:53     all    0.25    0.00    0.50    0.00    0.00    0.00    0.00    0.00    0.00   99.25
19:39:54     all    0.00    0.00    0.50    0.00    0.00    0.00    0.00    0.00    0.00   99.50
19:39:55     all    0.50    0.00    1.00    0.00    0.00    0.00    0.00    0.00    0.00   98.51
19:39:56     all    0.25    0.00    0.25    0.00    0.00    0.00    0.00    0.00    0.00   99.50
19:39:57     all    0.25    0.00    0.75    0.00    0.00    0.00    0.00    0.00    0.00   99.00
19:39:58     all    0.00    0.00    1.01    0.00    0.00    0.00    0.00    0.00    0.00   98.99
19:39:59     all    0.00    0.00    0.50    0.00    0.00    0.00    0.00    0.00    0.00   99.50
19:40:00     all    0.50    0.00    0.75    0.00    0.00    0.00    0.00    0.00    0.00   98.75
19:40:01     all    0.50    0.00    0.50    0.00    0.00    0.00    0.00    0.00    0.00   99.00
19:40:02     all    0.00    0.00    0.75    0.00    0.00    0.00    0.00    0.00    0.00   99.25
19:40:03     all    0.25    0.00    0.50    0.00    0.00    0.00    0.00    0.00    0.00   99.25
19:40:04     all    0.50    0.00    1.00    0.00    0.00    0.00    0.00    0.00    0.00   98.50
19:40:05     all    0.25    0.00    0.25    0.00    0.00    0.00    0.00    0.00    0.00   99.50
19:40:06     all    0.50    0.00    1.00    0.00    0.00    0.00    0.00    0.00    0.00   98.50
19:40:07     all    0.25    0.00    0.75    0.00    0.00    0.00    0.00    0.00    0.00   98.99
19:40:08     all    0.25    0.00    0.50    0.00    0.00    0.00    0.00    0.00    0.00   99.25
19:40:09     all    0.50    0.00    0.75    0.25    0.00    0.00    0.00    0.00    0.00   98.50
19:40:10     all    0.25    0.00    1.00    0.00    0.00    0.25    0.00    0.00    0.00   98.51
19:40:11     all    0.25    0.00    0.50    0.00    0.00    0.00    0.00    0.00    0.00   99.25
19:40:12     all    0.25    0.00    0.50    0.00    0.00    0.00    0.00    0.00    0.00   99.25
19:40:13     all    0.50    0.00    0.50    0.00    0.00    0.00    0.00    0.00    0.00   99.00
19:40:14     all    0.00    0.00    1.00    0.00    0.00    0.00    0.00    0.00    0.00   99.00
19:40:15     all    0.50    0.00    0.00    0.00    0.00    0.00    0.00    0.00    0.00   99.50
19:40:16     all    0.25    0.00    1.00    0.00    0.00    0.00    0.00    0.00    0.00   98.75
19:40:17     all    0.25    0.00    0.25    0.00    0.00    0.00    0.00    0.00    0.00   99.50
19:40:18     all    0.00    0.00    0.25    0.00    0.00    0.00    0.00    0.00    0.00   99.75
19:40:19     all    0.00    0.00    0.50    0.00    0.00    0.00    0.00    0.00    0.00   99.50
19:40:20     all    0.25    0.00    1.00    0.00    0.00    0.00    0.00    0.00    0.00   98.76
19:40:21     all    0.00    0.00    0.50    0.00    0.00    0.00    0.00    0.00    0.00   99.50
19:40:22     all    0.50    0.00    0.75    0.00    0.00    0.00    0.00    0.00    0.00   98.76
19:40:23     all    0.50    0.00    0.50    0.00    0.00    0.00    0.00    0.00    0.00   99.00
19:40:24     all    0.00    0.00    0.75    0.00    0.00    0.00    0.00    0.00    0.00   99.25
19:40:25     all    0.00    0.00    0.75    0.00    0.00    0.00    0.00    0.00    0.00   99.25
19:40:26     all    0.25    0.00    0.75    0.00    0.00    0.00    0.00    0.00    0.00   99.00
19:40:27     all    0.25    0.00    0.50    0.00    0.00    0.00    0.00    0.00    0.00   99.25
19:40:28     all    0.25    0.00    0.50    0.00    0.00    0.00    0.00    0.00    0.00   99.25
19:40:29     all    0.50    0.00    0.75    0.00    0.00    0.00    0.00    0.00    0.00   98.75
19:40:30     all    0.00    0.00    0.50    0.00    0.00    0.00    0.00    0.00    0.00   99.50
19:40:31     all    0.25    0.00    0.75    0.00    0.00    0.00    0.00    0.00    0.00   99.00
19:40:32     all    0.00    0.00    0.25    0.00    0.00    0.00    0.00    0.00    0.00   99.75
19:40:33     all    0.25    0.00    1.00    0.00    0.00    0.00    0.00    0.00    0.00   98.75
19:40:34     all    0.25    0.00    0.50    0.00    0.00    0.00    0.00    0.00    0.00   99.25
19:40:35     all    0.50    0.00    0.50    0.00    0.00    0.00    0.00    0.00    0.00   99.00
19:40:36     all    0.25    0.00    0.75    0.00    0.00    0.00    0.00    0.00    0.00   99.00
19:40:37     all    0.00    0.00    0.50    0.00    0.00    0.00    0.00    0.00    0.00   99.50
19:40:38     all    0.50    0.00    0.75    0.00    0.00    0.00    0.00    0.00    0.00   98.75
19:40:39     all    0.50    0.00    0.50    0.00    0.00    0.00    0.00    0.00    0.00   99.00
19:40:40     all    0.25    0.00    0.75    0.00    0.00    0.00    0.00    0.00    0.00   99.00
19:40:41     all    0.25    0.00    0.50    0.00    0.00    0.00    0.00    0.00    0.00   99.25
19:40:42     all    0.00    0.00    0.50    0.00    0.00    0.00    0.00    0.00    0.00   99.50
19:40:43     all    0.50    0.00    0.75    0.00    0.00    0.00    0.00    0.00    0.00   98.75
19:40:44     all    0.25    0.00    0.75    0.00    0.00    0.00    0.00    0.00    0.00   99.00
19:40:45     all    0.50    0.00    0.50    0.25    0.00    0.00    0.00    0.00    0.00   98.75
19:40:46     all    0.00    0.00    0.50    0.00    0.00    0.00    0.00    0.00    0.00   99.50
19:40:47     all    0.00    0.00    0.50    0.00    0.00    0.00    0.00    0.00    0.00   99.50
19:40:48     all    0.25    0.00    0.75    0.00    0.00    0.00    0.00    0.00    0.00   99.00
19:40:49     all    0.50    0.00    0.75    0.00    0.00    0.00    0.00    0.00    0.00   98.75
19:40:50     all    0.25    0.00    0.50    0.00    0.00    0.00    0.00    0.00    0.00   99.25
19:40:51     all    0.25    0.00    0.75    0.00    0.00    0.00    0.00    0.00    0.00   99.00
19:40:52     all    0.00    0.00    0.50    0.00    0.00    0.00    0.00    0.00    0.00   99.50
19:40:53     all    0.50    0.00    0.25    0.00    0.00    0.00    0.00    0.00    0.00   99.25
19:40:54     all    0.25    0.00    0.99    0.00    0.00    0.00    0.00    0.00    0.00   98.76
19:40:55     all    0.25    0.00    0.50    0.00    0.00    0.00    0.00    0.00    0.00   99.25
19:40:56     all    0.25    0.00    0.25    0.00    0.00    0.00    0.00    0.00    0.00   99.50
19:40:57     all    0.25    0.00    0.75    0.00    0.00    0.00    0.00    0.00    0.00   99.00
19:40:58     all    0.00    0.00    0.25    0.00    0.00    0.00    0.00    0.00    0.00   99.75
19:40:59     all    0.50    0.00    0.75    0.00    0.00    0.00    0.00    0.00    0.00   98.75
19:41:00     all    0.25    0.00    0.25    0.00    0.00    0.00    0.00    0.00    0.00   99.50
19:41:01     all    0.00    0.00    1.25    0.00    0.00    0.00    0.00    0.00    0.00   98.75
19:41:02     all    0.25    0.00    0.50    0.00    0.00    0.00    0.00    0.00    0.00   99.25
19:41:03     all    0.50    0.00    0.75    0.00    0.00    0.00    0.00    0.00    0.00   98.75
19:41:04     all    0.00    0.00    0.50    0.00    0.00    0.00    0.00    0.00    0.00   99.50
19:41:05     all    0.00    0.00    0.50    0.00    0.00    0.00    0.00    0.00    0.00   99.50
19:41:06     all    0.75    0.00    0.50    0.00    0.00    0.00    0.00    0.00    0.00   98.75
19:41:07     all    0.00    0.00    1.24    0.00    0.00    0.00    0.00    0.00    0.00   98.76
19:41:08     all    0.25    0.00    0.50    0.00    0.00    0.00    0.00    0.00    0.00   99.25
19:41:09     all    0.25    0.00    0.25    0.00    0.00    0.00    0.00    0.00    0.00   99.50
19:41:10     all    0.00    0.00    0.75    0.00    0.00    0.00    0.00    0.00    0.00   99.25
19:41:11     all    0.50    0.00    0.75    0.00    0.00    0.00    0.00    0.00    0.00   98.76
19:41:12     all    0.00    0.00    0.75    0.00    0.00    0.00    0.00    0.00    0.00   99.25
19:41:13     all    0.25    0.00    0.25    0.00    0.00    0.00    0.00    0.00    0.00   99.50
19:41:14     all    0.25    0.00    1.00    0.00    0.00    0.00    0.00    0.00    0.00   98.76
19:41:15     all    0.50    0.00    0.50    0.00    0.00    0.00    0.00    0.00    0.00   99.00
19:41:16     all    0.00    0.00    0.75    0.00    0.00    0.00    0.00    0.00    0.00   99.25
19:41:17     all    0.25    0.00    0.25    0.00    0.00    0.00    0.00    0.00    0.00   99.50
19:41:18     all    0.75    0.00    0.75    0.00    0.00    0.00    0.00    0.00    0.00   98.50
19:41:19     all    0.00    0.00    0.50    0.00    0.00    0.00    0.25    0.00    0.00   99.24
19:41:20     all    0.99    0.00    1.24    0.00    0.00    0.00    0.00    0.00    0.00   97.77
